,Age,Current_position,Salary,Contract_duration,Actual_hrs,Effort,Leadership_position,Policy_influence,Performance_pressure,Teaching_percent,Research_percent,Academic_Resources,Perceived_Autonomy,Leadership_quality,Sense_of_community,Job_satisfaction
0,47.0,9.0,86.53846153846153,6.0,40.0,100.0,1.0,4.0,4.0,30.0,15.0,4.833333333333333,4.333333333333333,3.0,5.0,4.8
1,35.0,3.0,22.78846153846154,3.0,45.0,112.5,1.0,1.0,3.0,14.520180874225423,57.835091832747175,3.3333333333333335,3.3333333333333335,4.0,3.3333333333333335,3.4
2,34.0,3.0,17.884615384615383,3.0,50.0,125.0,1.0,3.0,4.0,28.846153846153843,57.692307692307686,3.5,3.8333333333333335,4.0,4.0,3.8
3,36.0,3.0,48.21161777089524,3.0,40.0,100.0,1.0,2.0,5.0,15.09433962264151,56.60377358490566,3.6666666666666665,3.1666666666666665,3.5,3.0,2.368918918918919
4,26.0,2.0,21.75824175824176,3.0,35.0,100.0,1.0,2.0,4.0,11.428571428571429,80.0,4.166666666666667,3.5,3.75,4.666666666666667,4.6
5,36.0,3.0,28.846153846153847,3.0,50.0,125.0,1.0,1.0,5.0,16.666666666666664,50.0,2.6666666666666665,2.5,1.75,5.0,2.0
6,29.0,3.0,28.846153846153847,3.0,40.0,100.0,1.0,1.0,4.0,7.5,87.5,4.333333333333333,4.333333333333333,5.0,4.0,4.2
7,26.0,2.0,12.692307692307692,2.0,45.0,225.0,3.0,1.0,5.0,22.22222222222222,33.33333333333333,2.8333333333333335,3.5,1.75,4.666666666666667,2.4
8,31.0,2.0,15.76923076923077,3.0,50.0,166.66666666666669,1.0,1.0,3.0,4.0,80.0,2.8333333333333335,2.1666666666666665,1.5,2.6666666666666665,2.0
9,38.0,3.0,48.21161777089524,2.0,40.0,100.0,1.0,3.0,3.0,25.0,37.5,3.8333333333333335,3.8333333333333335,4.5,5.0,4.2
10,30.0,3.0,16.153846153846153,3.0,40.0,100.0,1.0,1.0,3.0,0.0,95.23809523809523,4.333333333333333,3.3333333333333335,4.0,3.6666666666666665,4.2
11,56.0,4.0,73.5480698005698,6.0,46.726190476190474,124.55477392977393,1.0,1.0,3.0,57.692307692307686,17.307692307692307,3.5,2.6666666666666665,2.75,3.6666666666666665,3.2
12,49.0,9.0,17.307692307692307,6.0,40.0,100.0,1.0,3.0,5.0,33.59866038889546,33.59866038889546,2.6666666666666665,4.333333333333333,4.0,5.0,4.2
13,31.0,3.0,27.28142307692308,3.0,40.0,100.0,1.0,2.0,3.0,10.0,70.0,4.5,4.166666666666667,4.0,4.0,3.8
14,30.0,2.0,15.153846153846155,3.0,30.0,100.0,1.0,1.0,3.0,30.0,30.0,3.3333333333333335,2.8333333333333335,1.0,2.3333333333333335,3.0
15,31.0,2.0,20.192307692307693,3.0,50.0,125.0,1.0,2.0,4.0,30.0,40.0,3.6666666666666665,4.666666666666667,2.0,4.0,4.2
16,32.0,3.0,27.53076923076923,3.0,50.0,125.0,1.0,1.0,1.0,9.836065573770492,73.77049180327869,1.3333333333333333,1.3333333333333333,1.0,2.3333333333333335,2.2
17,33.0,3.0,48.21161777089524,3.0,40.0,100.0,1.0,1.0,5.0,25.0,62.5,4.0,3.6666666666666665,4.0,4.333333333333333,4.4
18,39.0,8.0,24.807692307692307,1.0,40.0,100.0,1.0,3.0,3.0,75.0,15.0,3.0,3.5,3.25,4.333333333333333,3.6
19,34.0,3.0,17.307692307692307,3.0,40.0,100.0,1.0,1.0,4.0,0.0,77.77777777777779,3.6666666666666665,2.3333333333333335,2.0,4.333333333333333,2.4
20,60.0,9.0,106.43888510797046,6.0,40.0,100.0,2.0,5.0,4.0,22.5,20.0,4.166666666666667,3.6666666666666665,1.5,4.333333333333333,3.8
21,47.0,4.0,73.5480698005698,2.0,50.0,125.0,1.0,4.0,3.0,6.0,40.0,3.6666666666666665,2.6666666666666665,2.0,5.0,2.2
22,32.0,2.0,253.84615384615384,3.0,30.0,100.0,1.0,2.0,2.0,16.666666666666664,62.5,4.0,2.6666666666666665,3.0,3.3333333333333335,3.2
23,32.0,3.0,27.115384615384613,3.0,40.0,100.0,1.0,1.0,3.0,30.790210292112253,51.317017153520425,4.308390022675737,4.166666666666667,3.465599905526689,4.0,4.2
24,55.0,6.0,23.076923076923077,6.0,70.0,175.0,3.0,3.0,5.0,50.0,28.57142857142857,2.8333333333333335,2.6666666666666665,3.5,3.6666666666666665,2.4
25,39.0,2.0,20.76923076923077,3.0,30.0,100.0,1.0,1.0,4.0,33.33333333333333,50.0,4.666666666666667,4.5,4.75,4.666666666666667,4.0
26,28.0,2.0,21.346153846153847,3.0,43.0,107.5,1.0,1.0,1.0,25.0,50.0,3.3333333333333335,3.8333333333333335,2.5,2.6666666666666665,3.0
27,25.0,2.0,16.146153846153844,3.0,45.0,150.0,1.0,1.0,4.0,0.0,77.77777777777779,4.666666666666667,4.0,3.25,5.0,4.6
28,26.0,2.0,264.7076923076923,6.0,30.0,100.0,1.0,2.0,4.0,0.0,90.0,3.5,4.0,3.5,4.333333333333333,3.8
29,27.0,2.0,18.46153846153846,3.0,30.0,100.0,1.0,1.0,4.0,0.0,100.0,4.333333333333333,4.333333333333333,5.0,4.333333333333333,3.8
30,27.0,2.0,21.923076923076923,3.0,45.0,112.5,1.0,2.0,4.0,11.11111111111111,55.55555555555556,3.0,2.5,3.0,4.666666666666667,2.2
31,36.0,3.0,28.846153846153847,3.0,40.0,100.0,1.0,1.0,2.0,55.55555555555556,22.22222222222222,4.5,3.3333333333333335,1.5,3.3333333333333335,4.0
32,38.0,2.0,21.53846153846154,1.0,40.0,133.33333333333331,1.0,1.0,4.0,0.0,75.0,4.666666666666667,1.5,2.0,4.0,3.2
33,42.0,5.0,23.076923076923077,6.0,40.0,100.0,2.0,2.0,1.0,37.5,12.5,2.8333333333333335,2.1666666666666665,5.0,4.0,2.6
34,29.0,2.0,20.76923076923077,3.0,30.0,100.0,1.0,1.0,4.0,0.0,96.66666666666667,3.6666666666666665,3.1666666666666665,1.75,4.0,3.2
35,34.0,3.0,17.307692307692307,3.0,65.0,162.5,1.0,1.0,3.0,0.0,92.3076923076923,3.5,2.1666666666666665,3.0,3.6666666666666665,1.8
36,30.0,2.0,20.556153846153848,3.0,45.0,150.0,1.0,2.0,5.0,32.432432432432435,27.027027027027028,4.166666666666667,3.1666666666666665,3.25,2.0,3.0
37,39.0,4.0,20.192307692307693,2.0,50.0,125.0,3.0,2.0,4.0,20.0,60.0,3.8333333333333335,3.8333333333333335,2.0,3.6666666666666665,3.2
38,58.0,9.0,53.65384615384615,6.0,49.0,122.5,3.0,3.0,3.0,33.68421052631579,8.421052631578947,2.0,1.1666666666666667,1.0,2.3333333333333335,2.4
39,30.0,3.0,28.846153846153847,3.0,40.0,100.0,1.0,1.0,4.0,0.0,87.5,4.666666666666667,3.6666666666666665,3.5,5.0,4.2
40,28.0,2.0,22.115384615384617,3.0,45.0,150.0,1.0,1.0,4.0,0.0,95.23809523809523,4.166666666666667,3.0,3.25,4.333333333333333,3.2
41,27.0,2.0,33.808428957649944,3.0,30.0,100.0,1.0,1.0,2.0,0.0,100.0,3.3333333333333335,3.8333333333333335,3.0,4.0,4.0
42,30.0,2.0,29.886153846153842,3.0,45.0,150.0,1.0,1.0,4.0,6.666666666666667,62.22222222222222,5.0,4.833333333333333,3.75,5.0,3.6
43,28.0,2.0,19.23076923076923,3.0,35.0,116.66666666666669,1.0,1.0,4.0,18.06104129263914,46.82226211849191,3.2997967479674792,3.8333333333333335,4.0,5.0,4.2
44,44.0,7.0,92.51695900253594,6.0,50.0,117.21354166666667,1.0,4.0,4.0,44.44444444444444,22.22222222222222,2.6666666666666665,3.8333333333333335,3.0,3.0,2.8
45,51.0,7.0,16.826923076923077,1.0,48.0,100.0,1.0,1.0,2.0,31.25,31.25,1.3333333333333333,3.3333333333333335,2.75,3.3333333333333335,3.2
46,30.0,3.0,25.107692307692307,3.0,50.0,125.0,2.0,4.0,3.0,32.0,32.0,4.0,4.166666666666667,4.5,4.666666666666667,3.6
47,27.0,2.0,15.76923076923077,3.0,30.0,100.0,1.0,1.0,4.0,0.0,16.666666666666664,3.8333333333333335,4.166666666666667,5.0,5.0,4.0
48,31.0,3.0,15.576923076923077,3.0,40.0,100.0,1.0,1.0,5.0,6.666666666666667,80.0,4.833333333333333,3.3333333333333335,3.75,3.6666666666666665,2.4
49,32.0,2.0,21.246153846153845,3.0,37.0,123.33333333333334,1.0,1.0,3.0,21.951219512195124,60.97560975609756,2.8333333333333335,2.6666666666666665,2.5,2.6666666666666665,2.2
50,28.0,2.0,26.153846153846153,3.0,38.0,126.66666666666666,1.0,2.0,4.0,36.84210526315789,36.84210526315789,4.333333333333333,4.166666666666667,3.336890243902439,4.666666666666667,3.0
51,45.0,3.0,24.230769230769234,3.0,42.385714285714286,120.43258736793219,3.0,1.0,3.0,37.5,37.5,3.0,2.8333333333333335,3.25,4.666666666666667,3.0
52,34.0,3.0,25.10192307692308,3.0,50.0,125.0,1.0,1.0,5.0,0.0,50.0,3.3333333333333335,3.1666666666666665,3.25,2.6666666666666665,2.2
53,47.0,4.0,38.46153846153846,1.0,55.0,152.77777777777777,1.0,5.0,5.0,0.0,72.72727272727273,2.5,2.0,3.5,1.6666666666666667,3.8
54,35.0,4.0,23.076923076923077,1.0,20.0,100.0,1.0,2.0,3.0,75.0,20.0,3.103703703703704,3.3333333333333335,2.697674418604651,3.3333333333333335,3.2
55,50.0,4.0,35.76923076923077,1.0,20.0,100.0,1.0,3.0,3.0,30.03284842796809,15.016424213984045,2.6666666666666665,3.8333333333333335,2.75,4.0,3.0
56,47.0,4.0,73.5480698005698,1.0,55.0,137.5,1.0,1.0,5.0,40.0,20.0,1.5,2.5,1.0,1.0,1.4
57,51.0,4.0,20.769230769230766,1.0,20.0,100.0,1.0,2.0,4.0,56.25,31.25,2.1666666666666665,2.1666666666666665,2.25,4.0,2.4
58,64.0,4.0,73.5480698005698,6.0,45.0,112.5,1.0,2.0,4.0,10.0,70.0,3.5,4.0,2.75,4.333333333333333,4.0
59,37.0,4.0,32.11730769230769,1.0,45.0,112.5,3.0,3.0,4.0,11.11111111111111,66.66666666666666,2.6666666666666665,3.5,4.75,4.666666666666667,3.2
60,58.0,4.0,73.5480698005698,6.0,40.0,100.0,1.0,3.0,3.0,32.16295899222728,21.441972661484858,3.3333333333333335,4.166666666666667,5.0,4.666666666666667,3.8
61,56.0,4.0,73.5480698005698,6.0,47.0,117.5,2.0,3.0,3.0,37.5,12.5,4.166666666666667,2.1666666666666665,1.5,4.0,3.2
62,45.0,4.0,403.84615384615387,2.0,50.0,125.0,2.0,3.0,4.0,3.7037037037037033,18.51851851851852,4.0,4.166666666666667,4.5,4.333333333333333,4.8
63,58.0,4.0,73.5480698005698,6.0,40.0,100.0,3.0,3.0,4.0,50.0,12.5,5.0,3.6666666666666665,5.0,4.0,4.6
64,43.0,4.0,31.153846153846153,1.0,40.0,100.0,2.0,4.0,5.0,12.5,12.5,3.8333333333333335,1.8333333333333333,3.25,2.6666666666666665,3.4
65,48.0,4.0,73.5480698005698,1.0,70.0,127.27272727272728,1.0,1.0,1.0,22.22222222222222,66.66666666666666,1.8333333333333333,1.0,1.0,2.6666666666666665,1.9066666666666667
66,59.0,4.0,73.5480698005698,6.0,70.0,175.0,2.0,4.0,4.0,8.450704225352112,7.042253521126761,3.8333333333333335,3.6666666666666665,2.25,4.333333333333333,2.8
67,40.0,4.0,28.846153846153847,2.0,40.0,100.0,3.0,2.0,5.0,27.500000000000004,20.0,3.0,2.0,1.0,5.0,3.4
68,43.0,4.0,403.84615384615387,2.0,50.0,125.0,3.0,2.0,3.0,20.0,20.0,2.8333333333333335,2.5,1.0,2.6666666666666665,2.6
69,44.0,4.0,28.846153846153847,2.0,62.0,155.0,3.0,2.0,5.0,9.67741935483871,35.483870967741936,3.3333333333333335,2.3333333333333335,2.25,4.0,2.6
70,41.0,4.0,32.30769230769231,2.0,60.0,150.0,3.0,1.0,2.0,13.333333333333334,75.0,4.333333333333333,3.5,4.0,4.0,3.6
71,40.0,4.0,413.6538461538462,2.0,50.0,125.0,1.0,3.0,5.0,44.44444444444444,22.22222222222222,3.7925925925925927,2.8333333333333335,4.75,4.666666666666667,3.6
72,44.0,4.0,28.846153846153847,2.0,50.0,125.0,1.0,1.0,4.0,26.484219819024496,35.31229309203266,3.0,4.666666666666667,4.0,4.666666666666667,4.4
73,54.0,4.0,28.744038461538462,2.0,75.0,187.5,1.0,1.0,5.0,27.27272727272727,36.36363636363637,2.6666666666666665,2.1666666666666665,2.9758309842612167,4.333333333333333,2.6
74,49.0,4.0,28.846153846153847,2.0,40.0,100.0,3.0,2.0,5.0,50.0,25.0,3.5,3.3333333333333335,3.25,4.666666666666667,4.4
75,41.0,4.0,73.5480698005698,2.0,46.726190476190474,124.55477392977393,1.0,2.0,5.0,28.44551041822815,34.05786238944686,3.3333333333333335,2.6666666666666665,1.0,1.3333333333333333,2.6
76,33.0,4.0,34.61538461538461,2.0,60.0,150.0,3.0,2.0,5.0,16.666666666666664,50.0,2.1666666666666665,3.0,1.0,3.3333333333333335,2.4
77,65.0,4.0,73.5480698005698,6.0,40.0,100.0,1.0,3.0,3.0,42.883945322969716,21.441972661484858,4.0,3.6666666666666665,3.75,4.0,4.0
78,59.0,4.0,58.10769230769231,6.0,50.0,125.0,2.0,4.0,4.0,20.0,10.0,4.333333333333333,2.8333333333333335,3.0,4.333333333333333,4.2
79,63.0,4.0,30.288461538461537,6.0,47.5,118.75,1.0,2.0,3.0,73.68421052631578,21.052631578947366,2.5,1.8333333333333333,1.5,4.0,1.8
80,43.0,4.0,73.5480698005698,2.0,40.0,100.0,3.0,1.0,4.0,20.0,37.5,3.8333333333333335,3.3333333333333335,2.0,5.0,4.231111111111111
81,64.0,4.0,73.5480698005698,6.0,45.0,150.0,3.0,2.0,3.0,48.888888888888886,33.33333333333333,3.6666666666666665,3.6666666666666665,2.25,4.0,4.2
82,58.0,4.0,45.0,1.0,40.0,100.0,3.0,2.0,2.0,37.5,12.5,5.0,5.0,3.0,5.0,4.8
83,60.0,4.0,73.5480698005698,6.0,40.0,100.0,1.0,2.0,4.0,1.2658227848101267,96.20253164556962,3.4111111111111114,3.403703703703704,2.4647198731501057,2.585185185185185,3.2
84,46.0,4.0,34.61538461538461,2.0,55.0,137.5,3.0,4.0,4.0,27.27272727272727,36.36363636363637,4.166666666666667,4.0,4.0,4.333333333333333,4.8
85,41.0,4.0,23.076923076923077,2.0,46.726190476190474,124.55477392977393,3.0,1.0,3.0,40.67796610169492,25.423728813559322,3.1666666666666665,2.3333333333333335,3.75,4.0,3.6
86,36.0,4.0,37.5,2.0,40.0,100.0,2.0,2.0,5.0,25.0,37.5,4.666666666666667,2.6666666666666665,4.0,5.0,4.0
87,61.0,4.0,73.5480698005698,6.0,46.726190476190474,124.55477392977393,1.0,1.0,4.0,72.91666666666666,6.25,3.0,2.5,1.0,2.0,2.8
88,44.0,4.0,21.346153846153847,2.0,40.0,200.0,1.0,2.0,3.0,56.60377358490566,18.867924528301888,2.5,3.0,3.25,3.6666666666666665,3.4
89,46.0,4.0,28.846153846153847,1.0,50.0,125.0,3.0,2.0,3.0,10.81081081081081,27.027027027027028,3.6666666666666665,4.5,2.75,2.0,4.6
90,42.0,4.0,73.5480698005698,2.0,28.0,140.0,1.0,2.0,4.0,9.803921568627452,86.27450980392157,3.3333333333333335,4.5,3.75,2.6666666666666665,4.6
91,59.0,4.0,73.5480698005698,6.0,40.0,100.0,1.0,2.0,4.0,42.883945322969716,32.16295899222728,3.5,3.3777777777777778,4.25,4.0,2.8
92,49.0,4.0,73.5480698005698,2.0,48.0,120.0,1.0,2.0,4.0,33.33333333333333,41.66666666666667,3.3333333333333335,3.1666666666666665,4.0,3.6666666666666665,3.6
93,40.0,4.0,34.61538461538461,2.0,50.0,125.0,2.0,2.0,3.0,20.0,40.0,3.6666666666666665,3.6666666666666665,5.0,5.0,3.6
94,51.0,5.0,49.19045875999001,1.0,50.0,125.0,1.0,4.0,4.0,40.0,30.0,3.8333333333333335,4.0,2.5,5.0,4.2
95,46.0,5.0,69.23076923076923,1.0,70.0,175.0,3.0,3.0,3.0,23.809523809523807,23.809523809523807,3.6666666666666665,2.6666666666666665,1.75,2.3333333333333335,2.2
96,47.0,5.0,21.923076923076923,1.0,40.0,100.0,1.0,3.0,4.0,37.5,37.5,3.3333333333333335,3.3333333333333335,3.75,3.6666666666666665,3.6
97,44.0,5.0,49.19045875999001,1.0,40.0,100.0,2.0,3.0,4.0,46.7027027027027,23.35135135135135,3.5,3.8333333333333335,4.0,3.6666666666666665,4.6
98,46.0,5.0,31.730769230769234,1.0,40.0,100.0,3.0,2.0,4.0,37.5,20.0,3.6666666666666665,3.5,4.0,4.666666666666667,4.4
99,44.0,5.0,38.36538461538461,2.0,55.0,137.5,2.0,3.0,2.0,27.27272727272727,27.27272727272727,4.333333333333333,4.166666666666667,3.5,3.6666666666666665,3.4
100,48.0,5.0,461.53846153846155,1.0,55.0,137.5,2.0,3.0,5.0,27.27272727272727,18.181818181818183,4.0,3.3333333333333335,3.75,5.0,3.8
101,54.0,5.0,37.5,2.0,50.0,125.0,2.0,2.0,3.0,32.0,16.0,3.5,2.1666666666666665,4.25,4.333333333333333,2.6
102,53.0,5.0,40.38461538461539,1.0,40.0,100.0,3.0,2.0,4.0,37.5,25.0,3.5,3.3333333333333335,4.25,4.0,4.0
103,50.0,5.0,49.19045875999001,1.0,44.0,110.0,3.0,3.0,4.0,45.45454545454545,36.36363636363637,3.5,3.6666666666666665,3.75,3.3333333333333335,3.4
104,48.0,5.0,37.5,1.0,55.0,137.5,3.0,4.0,5.0,27.27272727272727,18.181818181818183,3.1666666666666665,2.5,1.75,4.333333333333333,4.2
105,49.0,5.0,37.5,1.0,40.0,100.0,1.0,4.0,4.0,11.11111111111111,27.77777777777778,3.6666666666666665,3.8333333333333335,4.0,4.0,4.0
106,44.0,5.0,34.61538461538461,1.0,40.0,100.0,1.0,2.0,4.0,25.0,50.0,3.3333333333333335,4.333333333333333,4.0,4.0,3.2
107,47.0,5.0,49.19045875999001,1.0,40.0,100.0,2.0,2.0,4.0,54.54545454545454,18.181818181818183,4.5,2.5,4.25,3.0,3.8
108,47.0,5.0,20.76923076923077,1.0,40.0,133.33333333333331,1.0,2.0,5.0,33.33333333333333,13.333333333333334,3.3333333333333335,1.8333333333333333,4.0,5.0,2.8
109,45.0,5.0,51.92307692307693,1.0,65.0,162.5,3.0,2.0,2.0,24.0,40.0,2.6666666666666665,1.6666666666666667,3.5,3.3333333333333335,2.6
110,38.0,5.0,33.46153846153847,1.0,40.0,100.0,2.0,4.0,3.0,50.0,37.5,2.8333333333333335,3.3333333333333335,4.0,4.0,3.0
111,42.0,5.0,49.19045875999001,1.0,40.0,100.0,2.0,1.0,2.0,43.76899696048632,21.88449848024316,3.5,4.833333333333333,5.0,4.666666666666667,4.8
112,51.0,5.0,37.5,1.0,45.0,112.5,1.0,3.0,4.0,37.5,37.5,3.3333333333333335,2.3333333333333335,2.0,3.3333333333333335,4.2
113,43.0,5.0,31.153846153846153,1.0,60.0,150.0,3.0,3.0,4.0,26.666666666666668,33.33333333333333,3.6666666666666665,3.1666666666666665,4.75,4.666666666666667,3.6
114,68.0,5.0,23.076923076923077,1.0,40.0,100.0,2.0,3.0,4.0,20.0,25.0,4.333333333333333,3.6666666666666665,3.5,5.0,4.6
115,38.0,5.0,28.846153846153847,1.0,40.0,100.0,1.0,2.0,4.0,50.0,20.0,2.5,2.3333333333333335,2.5,4.0,2.8
116,55.0,5.0,49.19045875999001,6.0,40.0,100.0,1.0,2.0,4.0,50.0,25.0,3.8333333333333335,3.3333333333333335,3.0526315789473686,4.333333333333333,4.0
117,52.0,5.0,18.46153846153846,1.0,50.0,125.0,2.0,3.0,5.0,30.0,20.0,3.6666666666666665,3.5,4.5,5.0,4.294736842105263
118,49.0,5.0,25.961538461538463,1.0,55.0,137.5,2.0,4.0,4.0,27.27272727272727,9.090909090909092,3.1666666666666665,4.0,2.0,5.0,3.2
119,45.0,5.0,26.538461538461537,1.0,60.0,150.0,3.0,1.0,5.0,50.0,8.333333333333332,2.6666666666666665,1.1666666666666667,1.0,1.6666666666666667,1.8
120,45.0,5.0,40.879120879120876,1.0,35.0,100.0,1.0,2.0,4.0,34.285714285714285,37.142857142857146,3.0,3.1666666666666665,3.5,4.0,4.0
121,54.0,5.0,28.846153846153847,1.0,40.0,100.0,1.0,3.0,4.0,21.88449848024316,32.82674772036474,3.6666666666666665,3.6666666666666665,4.25,5.0,4.2
122,53.0,5.0,46.15384615384615,6.0,40.0,100.0,3.0,2.0,4.0,37.5,37.5,2.6666666666666665,4.666666666666667,4.013513513513514,5.0,4.2
123,39.0,5.0,33.17307692307692,1.0,50.0,125.0,3.0,3.0,4.0,30.0,30.0,4.166666666666667,4.166666666666667,3.0,4.0,4.2
124,43.0,5.0,44.05594405594405,1.0,60.0,109.09090909090908,1.0,1.0,5.0,1.785714285714286,8.928571428571429,3.0,3.3333333333333335,1.25,3.0,3.0
125,46.0,5.0,41.09134615384615,1.0,32.0,100.0,1.0,2.0,5.0,30.0,40.0,4.166666666666667,3.5,3.2635135135135136,5.0,4.6
126,60.0,6.0,692.3076923076923,1.0,40.0,100.0,2.0,4.0,5.0,58.09106312024313,14.522765780060782,3.892857142857143,4.666666666666667,5.0,5.0,5.0
127,60.0,6.0,43.26923076923077,1.0,50.0,125.0,2.0,4.0,4.0,54.8159749412686,21.691464369616288,2.6666666666666665,4.166666666666667,2.75,3.6666666666666665,4.8
128,53.0,6.0,84.30458579881656,6.0,40.0,100.0,3.0,3.0,4.0,22.22222222222222,44.44444444444444,4.833333333333333,4.5,2.75,4.0,4.8
129,64.0,6.0,23.076923076923077,6.0,50.1,126.6388888888889,1.0,4.0,4.0,22.350993377483444,44.70198675496689,4.0,4.666666666666667,4.75,5.0,4.4
130,59.0,6.0,84.61538461538461,6.0,50.0,166.66666666666669,3.0,2.0,2.0,14.285714285714285,42.857142857142854,2.8333333333333335,2.5,4.0,4.333333333333333,3.2
131,58.0,6.0,57.69230769230769,6.0,50.0,125.0,2.0,2.0,3.0,30.0,40.0,2.6666666666666665,3.0,1.0,2.0,3.0
132,56.0,6.0,20.192307692307693,1.0,50.0,125.0,2.0,4.0,3.0,74.43142660234321,5.582356995175741,3.63423645320197,4.454022988505748,3.75,4.666666666666667,4.6
133,63.0,6.0,84.30458579881656,6.0,50.0,125.0,1.0,3.0,4.0,20.0,30.0,4.109195402298851,3.2984674329501913,4.0,4.333333333333333,4.286666666666667
134,53.0,6.0,43.84615384615385,1.0,40.0,100.0,1.0,1.0,4.0,62.5,12.5,2.1666666666666665,3.3333333333333335,5.0,4.666666666666667,2.0
135,61.0,6.0,41.53846153846153,1.0,40.0,100.0,2.0,3.0,3.0,36.84210526315789,10.526315789473683,4.392857142857143,4.166666666666667,3.5689655172413794,4.0,4.4
136,62.0,6.0,490.3846153846154,6.0,60.0,150.0,3.0,1.0,5.0,50.0,16.666666666666664,1.6666666666666667,2.1666666666666665,2.75,2.6666666666666665,1.6
137,65.0,6.0,31.730769230769234,1.0,60.0,150.0,2.0,2.0,2.0,7.894736842105263,26.31578947368421,2.0,1.3333333333333333,1.0,2.0,1.0
138,63.0,6.0,84.30458579881656,6.0,42.0,105.0,1.0,2.0,3.0,33.33333333333333,33.33333333333333,4.166666666666667,4.166666666666667,4.5,5.0,4.6
139,62.0,6.0,83.65384615384616,6.0,60.0,150.0,2.0,4.0,4.0,33.33333333333333,33.33333333333333,3.5,3.1666666666666665,2.25,3.6666666666666665,4.0
140,62.0,6.0,40.38461538461539,1.0,45.0,112.5,3.0,2.0,5.0,25.53191489361702,31.914893617021278,3.6666666666666665,3.1666666666666665,4.25,3.6666666666666665,3.6
141,67.0,6.0,23.076923076923077,6.0,46.0,115.0,1.0,2.0,3.0,32.05128205128205,29.48717948717949,2.5,4.166666666666667,2.5,3.6666666666666665,4.2
142,55.0,6.0,56.53846153846153,1.0,50.0,125.0,2.0,5.0,4.0,64.0,10.0,3.6666666666666665,2.8333333333333335,2.25,4.333333333333333,3.0
143,56.0,6.0,40.38461538461539,1.0,40.0,100.0,3.0,2.0,5.0,75.0,10.0,3.1666666666666665,2.0,5.0,2.0,2.2
144,66.0,6.0,40.38461538461539,6.0,60.0,150.0,2.0,3.0,2.0,23.16933638443936,38.61556064073227,3.5,2.8333333333333335,3.25,3.3333333333333335,4.0
145,62.0,6.0,50.19230769230769,6.0,45.0,112.5,2.0,3.0,3.0,20.0,26.666666666666668,4.166666666666667,5.0,5.0,3.6666666666666665,4.8
146,62.0,6.0,50.76923076923077,6.0,40.0,100.0,1.0,3.0,5.0,25.0,37.5,3.0,2.6666666666666665,1.0,2.6666666666666665,3.4
147,56.0,6.0,84.30458579881656,1.0,70.0,175.0,2.0,4.0,5.0,10.0,10.0,4.166666666666667,3.5,3.0,2.0,3.4
148,45.0,6.0,40.38461538461539,1.0,40.0,100.0,3.0,2.0,3.0,33.33333333333333,22.22222222222222,3.5,3.1666666666666665,2.25,3.3333333333333335,3.2
149,65.0,6.0,84.30458579881656,6.0,55.0,137.5,2.0,3.0,4.0,18.181818181818183,36.36363636363637,2.5,2.8333333333333335,3.5,5.0,2.2
150,51.0,6.0,51.92307692307693,6.0,55.0,137.5,2.0,4.0,4.0,24.107142857142858,8.928571428571429,4.5,4.166666666666667,4.5,4.666666666666667,4.8
151,61.0,6.0,23.076923076923077,1.0,40.0,100.0,1.0,3.0,4.0,40.0,55.55555555555556,4.666666666666667,5.0,5.0,5.0,4.4
152,65.0,6.0,38.45769230769231,6.0,60.0,150.0,1.0,3.0,4.0,24.193548387096776,56.451612903225815,4.126628352490421,4.833333333333333,3.410632183908046,5.0,4.6
153,53.0,6.0,37.5,6.0,55.0,137.5,3.0,2.0,4.0,27.27272727272727,54.54545454545454,3.8333333333333335,4.5,2.75,3.0,3.6
154,56.0,6.0,40.38461538461539,6.0,60.0,150.0,1.0,4.0,4.0,27.27272727272727,27.27272727272727,3.8333333333333335,3.8333333333333335,3.75,4.0,4.2
155,47.0,8.0,41.53846153846153,1.0,50.0,125.0,2.0,4.0,4.0,50.0,10.0,3.3333333333333335,3.1666666666666665,2.0,4.666666666666667,3.0
156,45.0,8.0,51.52034987512487,1.0,40.0,100.0,2.0,3.0,4.0,20.833333333333336,20.833333333333336,3.6666666666666665,1.5,1.25,4.0,3.0
157,30.0,8.0,25.019884615384616,1.0,41.5,111.87728937728939,1.0,4.0,5.0,58.27814569536424,12.582781456953644,4.166666666666667,4.666666666666667,4.75,5.0,4.6
158,51.0,8.0,35.964035964035965,1.0,38.5,100.0,1.0,2.0,2.0,51.94805194805194,22.07792207792208,2.5,2.8333333333333335,4.75,4.0,2.4
159,48.0,8.0,46.73076923076923,1.0,50.0,125.0,3.0,3.0,4.0,30.0,10.0,3.1666666666666665,4.5,4.5,5.0,4.4
160,42.0,8.0,24.615384615384617,1.0,35.0,116.66666666666669,3.0,2.0,4.0,66.66666666666666,16.666666666666664,1.5,2.3333333333333335,3.0454545454545454,3.6666666666666665,3.0
161,40.0,8.0,45.57692307692308,1.0,47.0,117.5,2.0,5.0,4.0,17.02127659574468,12.76595744680851,3.1666666666666665,3.6666666666666665,2.25,3.6666666666666665,2.8
162,55.0,8.0,38.46153846153846,1.0,43.0,110.25641025641026,1.0,3.0,4.0,51.28205128205128,25.64102564102564,3.8333333333333335,4.166666666666667,4.75,3.6666666666666665,2.4
163,58.0,8.0,28.846153846153847,1.0,40.0,100.0,1.0,2.0,4.0,50.0,0.0,3.0,2.5,3.0,4.0,2.4
164,47.0,8.0,346.15384615384613,1.0,50.0,125.0,1.0,1.0,3.0,50.0,10.0,2.1666666666666665,2.5,2.75,4.0,3.0
165,49.0,8.0,32.30769230769231,1.0,40.0,100.0,2.0,2.0,5.0,40.0,20.0,2.8333333333333335,2.3333333333333335,3.5,5.0,3.8
166,52.0,8.0,34.61538461538461,6.0,40.0,100.0,2.0,3.0,4.0,39.195461578133056,39.195461578133056,3.351370851370851,3.6666666666666665,4.5,4.0,4.1909090909090905
167,42.0,8.0,51.52034987512487,1.0,33.0,100.0,1.0,1.0,5.0,60.60606060606061,21.21212121212121,3.3333333333333335,2.765151515151515,3.5,4.333333333333333,3.6
168,59.0,8.0,46.15384615384615,1.0,41.5,111.87728937728939,3.0,3.0,4.0,60.152539933803425,8.593219990543346,3.5,4.333333333333333,2.25,4.333333333333333,5.0
169,57.0,8.0,44.42307692307692,1.0,53.0,132.5,2.0,5.0,5.0,10.0,10.0,3.8333333333333335,3.1666666666666665,3.0,4.333333333333333,4.4
170,62.0,8.0,51.52034987512487,1.0,45.0,112.5,2.0,3.0,4.0,39.97895844292478,7.995791688584955,3.3333333333333335,3.1666666666666665,3.25,4.0,4.4
171,63.0,8.0,56.53846153846153,1.0,22.0,110.0,1.0,2.0,4.0,50.0,0.0,3.5757575757575757,4.333333333333333,4.25,5.0,4.0
172,44.0,8.0,27.69230769230769,1.0,25.0,125.0,1.0,1.0,4.0,68.18181818181817,4.545454545454546,3.6666666666666665,2.3333333333333335,2.0,3.6666666666666665,2.6
173,50.0,8.0,36.34615384615385,1.0,40.0,100.0,2.0,4.0,4.0,37.5,0.0,4.0,3.3333333333333335,3.25,4.666666666666667,4.4
174,50.0,8.0,25.961538461538463,1.0,40.0,100.0,3.0,4.0,5.0,45.0,30.0,3.727272727272727,3.0,3.5,4.0,3.4
175,57.0,8.0,45.57692307692308,1.0,50.0,125.0,1.0,5.0,5.0,62.4706434945984,17.848755284170974,3.192279942279942,4.666666666666667,3.2386363636363638,4.666666666666667,4.2
176,42.0,7.0,25.961538461538463,2.0,50.0,125.0,1.0,1.0,3.0,54.347826086956516,10.869565217391305,2.5,2.0,3.5,2.0,2.4
177,62.0,7.0,519.2307692307693,1.0,40.0,100.0,1.0,3.0,3.0,45.0,50.0,3.0,4.5,4.25,4.0,5.0
178,49.0,7.0,34.61538461538461,1.0,55.0,137.5,1.0,2.0,4.0,45.45454545454545,18.181818181818183,2.8333333333333335,3.8333333333333335,4.0,4.333333333333333,3.8
179,62.0,7.0,43.26923076923077,2.0,52.5,131.25,1.0,1.0,3.0,52.63157894736842,10.526315789473683,2.1666666666666665,4.333333333333333,3.2915631469979294,3.3333333333333335,3.6
180,57.0,7.0,31.730769230769234,6.0,60.0,150.0,1.0,2.0,3.0,20.95498783454988,3.223844282238443,2.5,3.3333333333333335,2.75,4.333333333333333,3.2
181,57.0,7.0,519.2307692307693,1.0,40.0,100.0,1.0,1.0,2.0,50.0,5.0,3.3333333333333335,2.8333333333333335,1.0,3.0,4.4
182,58.0,7.0,51.34615384615385,6.0,40.0,100.0,1.0,2.0,3.0,75.0,0.0,3.9327463624338623,4.5,3.75,4.333333333333333,5.0
183,47.0,7.0,21.346153846153847,1.0,45.36153846153846,117.21354166666667,1.0,3.0,3.0,71.69811320754717,0.0,3.6666666666666665,4.166666666666667,5.0,3.6666666666666665,4.0
184,54.0,7.0,17.307692307692307,2.0,60.0,150.0,1.0,1.0,5.0,48.35766423357664,16.119221411192214,2.3333333333333335,1.5,1.0,4.333333333333333,2.8
185,39.0,7.0,28.846153846153847,1.0,55.0,137.5,2.0,3.0,3.0,7.766990291262135,9.70873786407767,2.3333333333333335,2.1666666666666665,2.0,4.333333333333333,3.2
186,45.0,7.0,30.576923076923077,2.0,40.0,100.0,3.0,1.0,3.0,44.44444444444444,22.22222222222222,3.0,4.666666666666667,4.0,4.666666666666667,4.8
187,53.0,7.0,34.61538461538461,1.0,40.0,100.0,2.0,4.0,2.0,20.21173923629547,15.034424493459786,2.6666666666666665,2.3333333333333335,3.0,3.3333333333333335,3.8
188,45.0,7.0,25.961538461538463,1.0,40.0,100.0,1.0,3.0,4.0,45.891602569396895,13.65451682603286,3.266079695767196,3.3333333333333335,4.0,4.333333333333333,4.6
189,52.0,7.0,33.46153846153847,1.0,40.0,100.0,2.0,3.0,4.0,50.440346420492396,12.506619227850296,2.4327463624338623,2.8333333333333335,4.0,3.6666666666666665,3.2
190,54.0,7.0,17.307692307692307,2.0,50.0,125.0,2.0,4.0,4.0,40.0,30.0,2.0,3.1666666666666665,4.0,4.333333333333333,3.4
191,52.0,7.0,92.51695900253594,1.0,46.0,115.0,2.0,2.0,4.0,44.44444444444444,38.88888888888889,3.5,3.3333333333333335,4.0,4.0,3.8
192,45.0,7.0,288.46153846153845,2.0,60.0,150.0,1.0,2.0,4.0,41.66666666666667,0.0,4.333333333333333,5.0,2.25,3.6666666666666665,5.0
193,57.0,7.0,42.603550295857985,1.0,6.5,100.0,1.0,2.0,3.0,94.73684210526315,0.0,3.0,4.666666666666667,4.25,4.666666666666667,3.6
194,45.0,7.0,23.076923076923077,1.0,63.0,157.5,1.0,3.0,5.0,75.47169811320755,7.547169811320755,1.1666666666666667,1.5,1.0,3.0,1.8
195,34.0,7.0,23.076923076923077,2.0,40.0,100.0,1.0,1.0,4.0,81.3953488372093,11.627906976744185,2.6666666666666665,4.0,2.5,3.3333333333333335,3.6
196,42.0,7.0,20.192307692307693,1.0,40.0,100.0,1.0,4.0,1.0,60.97560975609756,12.195121951219512,4.166666666666667,4.0,4.5,4.0,4.6
197,44.0,7.0,28.846153846153847,2.0,47.5,118.75,1.0,1.0,4.0,42.30769230769231,38.46153846153847,3.1666666666666665,2.5,2.75,3.3333333333333335,3.0
198,40.0,7.0,92.51695900253594,1.0,50.0,125.0,1.0,2.0,3.0,50.0,10.0,1.6666666666666667,3.1666666666666665,4.0,5.0,3.8
199,55.0,7.0,28.846153846153847,1.0,50.0,125.0,2.0,3.0,4.0,47.61904761904761,19.047619047619047,3.5,3.1666666666666665,4.25,3.6666666666666665,4.6
200,45.0,7.0,16.730769230769234,1.0,50.0,125.0,1.0,1.0,5.0,42.033622017077,12.506619227850296,2.8624338624338623,3.1666666666666665,5.0,4.0,3.2
201,44.0,7.0,23.076923076923077,2.0,45.0,112.5,1.0,1.0,3.0,77.77777777777779,22.22222222222222,3.6666666666666665,3.1666666666666665,3.25,4.0,3.8
202,39.0,7.0,92.51695900253594,1.0,40.0,100.0,2.0,2.0,3.0,53.36431124444382,15.404633292216946,2.6666666666666665,3.1666666666666665,4.0,5.0,3.4
203,49.0,7.0,47.30769230769231,1.0,40.0,100.0,1.0,3.0,3.0,25.0,12.5,3.1666666666666665,3.5,4.0,5.0,4.6
204,55.0,7.0,92.51695900253594,6.0,55.0,137.5,1.0,3.0,4.0,53.3589602782354,3.8806516565989386,3.3333333333333335,3.3333333333333335,5.0,5.0,4.0
205,50.0,7.0,28.846153846153847,2.0,40.0,100.0,1.0,3.0,4.0,62.5,12.5,3.5,2.8333333333333335,4.0,5.0,3.8
206,47.0,7.0,15.0,2.0,30.0,150.0,1.0,3.0,4.0,84.84848484848484,4.545454545454546,2.3333333333333335,3.111904761904762,2.25,4.666666666666667,3.0
207,58.0,7.0,34.61538461538461,2.0,40.0,100.0,1.0,2.0,3.0,60.0,30.0,3.1666666666666665,3.5,4.5,4.666666666666667,4.0
208,33.0,7.0,21.923076923076923,2.0,40.0,100.0,1.0,3.0,3.0,44.44444444444444,33.33333333333333,3.3333333333333335,4.166666666666667,4.75,5.0,4.0
209,51.0,7.0,39.80769230769231,1.0,40.0,100.0,1.0,1.0,3.0,47.57630161579892,23.78815080789946,2.3333333333333335,3.6666666666666665,1.5,5.0,4.2
210,56.0,7.0,34.61538461538461,6.0,45.36153846153846,117.21354166666667,2.0,4.0,5.0,8.88888888888889,17.77777777777778,3.8333333333333335,3.0,4.0,5.0,4.2
211,29.0,7.0,20.192307692307693,1.0,40.0,100.0,1.0,3.0,2.0,60.0,20.0,3.3333333333333335,4.0,5.0,5.0,3.6
212,42.0,7.0,92.51695900253594,6.0,40.0,100.0,1.0,2.0,4.0,30.0,25.0,2.5,1.6666666666666667,2.25,3.6666666666666665,1.6
213,61.0,7.0,46.15384615384615,1.0,47.5,118.75,1.0,1.0,4.0,73.68421052631578,10.526315789473683,3.6666666666666665,1.8333333333333333,3.5,1.6666666666666667,3.2
214,33.0,7.0,24.230769230769234,2.0,40.0,100.0,3.0,2.0,4.0,26.666666666666668,11.11111111111111,4.333333333333333,3.3333333333333335,4.0,4.666666666666667,4.2
215,51.0,7.0,26.94230769230769,2.0,40.0,100.0,1.0,1.0,3.0,65.78947368421053,21.052631578947366,3.1666666666666665,2.5,1.0,2.6666666666666665,2.8
216,51.0,7.0,92.51695900253594,6.0,45.36153846153846,117.21354166666667,1.0,1.0,5.0,88.17005545286507,3.9186691312384476,2.0,2.0,1.0,2.3333333333333335,1.6
217,56.0,7.0,92.51695900253594,1.0,40.0,100.0,1.0,3.0,3.0,75.0,0.0,4.236979166666667,5.0,5.0,5.0,5.0
218,53.0,7.0,576.9230769230769,1.0,40.0,100.0,1.0,2.0,3.0,50.0,25.0,2.6666666666666665,3.5,5.0,4.666666666666667,3.6
219,40.0,7.0,26.538461538461537,1.0,55.0,137.5,1.0,1.0,4.0,63.63636363636363,9.090909090909092,2.0,2.5,3.0,2.3333333333333335,2.4
220,35.0,7.0,34.61538461538461,1.0,57.5,143.75,1.0,3.0,5.0,58.333333333333336,16.666666666666664,2.1666666666666665,4.269047619047619,4.5,5.0,3.2
221,39.0,7.0,15.576923076923077,2.0,45.0,112.5,2.0,2.0,4.0,15.98793363499246,15.98793363499246,3.6666666666666665,3.0,4.25,4.0,3.4
222,37.0,7.0,92.51695900253594,2.0,20.0,166.66666666666669,1.0,2.0,5.0,46.64392475713341,13.464664668902884,2.599413029100529,2.1666666666666665,2.5,4.333333333333333,2.6
223,41.0,7.0,20.769230769230766,1.0,55.0,137.5,2.0,3.0,3.0,9.090909090909092,27.27272727272727,2.8333333333333335,1.5,3.0,3.6666666666666665,3.2
224,49.0,7.0,23.653846153846153,2.0,50.0,125.0,3.0,1.0,5.0,66.66666666666666,11.11111111111111,2.0,1.3333333333333333,2.5,3.0,2.6
225,36.0,7.0,92.51695900253594,1.0,50.0,125.0,1.0,2.0,4.0,40.0,40.0,1.8333333333333333,3.8333333333333335,2.75,5.0,4.8
226,64.0,7.0,40.38461538461539,6.0,60.0,150.0,2.0,3.0,4.0,0.0,22.375457359977485,2.0,2.6666666666666665,2.0,5.0,3.2
227,42.0,7.0,31.153846153846153,1.0,40.0,100.0,1.0,1.0,4.0,45.45454545454545,24.242424242424242,3.3333333333333335,3.5,4.25,3.0,3.6
228,44.0,7.0,375.0,1.0,40.0,100.0,1.0,2.0,2.0,47.57630161579892,23.78815080789946,4.5,4.166666666666667,3.25,3.6666666666666665,4.4
229,35.0,7.0,14.423076923076923,2.0,40.0,100.0,1.0,2.0,2.0,27.27272727272727,18.181818181818183,5.0,4.0,4.75,3.3333333333333335,4.2
230,60.0,7.0,20.192307692307693,1.0,40.0,100.0,1.0,1.0,5.0,87.5,0.0,3.637508267195767,3.8333333333333335,3.14156314699793,5.0,4.0
231,51.0,7.0,92.51695900253594,1.0,60.0,150.0,1.0,2.0,2.0,66.66666666666666,8.333333333333332,3.6666666666666665,3.6666666666666665,5.0,5.0,5.0
232,60.0,7.0,490.3846153846154,1.0,40.0,100.0,2.0,2.0,4.0,78.94736842105263,0.0,3.1666666666666665,3.6666666666666665,4.75,5.0,4.0
233,54.0,7.0,92.51695900253594,1.0,45.36153846153846,117.21354166666667,1.0,1.0,1.0,77.5,12.5,2.0,2.8333333333333335,4.75,5.0,3.4
234,50.0,7.0,519.2307692307693,1.0,50.0,125.0,1.0,3.0,3.0,66.0,20.0,3.3333333333333335,4.333333333333333,4.75,5.0,4.6
235,63.0,7.0,484.6153846153846,6.0,40.0,100.0,1.0,2.0,3.0,77.88390889052168,12.980651481753613,2.8333333333333335,3.1666666666666665,4.5,3.3333333333333335,3.4
236,59.0,7.0,50.53846153846153,6.0,50.0,125.0,1.0,3.0,3.0,57.650471356055114,19.216823785351707,2.8333333333333335,3.5,3.0,5.0,4.0
237,55.0,7.0,31.730769230769234,2.0,40.0,100.0,1.0,1.0,3.0,75.0,10.0,1.5,1.8333333333333333,1.5,3.0,2.2
238,52.0,7.0,38.07692307692308,1.0,45.36153846153846,117.21354166666667,1.0,1.0,2.0,66.66666666666666,22.22222222222222,2.6666666666666665,2.3333333333333335,3.5,4.333333333333333,3.4
239,56.0,7.0,31.730769230769234,2.0,45.36153846153846,117.21354166666667,1.0,1.0,5.0,75.0,12.5,3.3624338624338623,2.8333333333333335,3.25,3.6666666666666665,3.8
240,31.0,7.0,92.51695900253594,2.0,40.0,100.0,1.0,1.0,4.0,66.66666666666666,11.11111111111111,1.8333333333333333,2.8333333333333335,4.0,3.6666666666666665,3.2
241,54.0,7.0,92.51695900253594,1.0,40.0,100.0,1.0,1.0,3.0,72.97182800254184,11.226435077314129,2.6660796957671957,4.0,4.0,5.0,3.8
242,61.0,7.0,34.61538461538461,1.0,60.0,150.0,1.0,1.0,3.0,81.91653786707883,12.287480680061824,2.8333333333333335,4.333333333333333,5.0,4.666666666666667,4.8
243,28.0,2.0,18.86923076923077,3.0,40.0,133.33333333333331,1.0,2.0,5.0,0.0,97.22222222222221,4.166666666666667,4.333333333333333,4.0,4.333333333333333,3.6
244,45.0,3.0,40.38461538461539,2.0,60.0,150.0,1.0,1.0,1.0,12.5,37.5,2.0,1.5,1.0,2.6666666666666665,3.2
245,36.0,3.0,25.961538461538463,3.0,40.0,100.0,2.0,2.0,2.0,25.0,12.5,1.8333333333333333,1.1666666666666667,1.0,2.3333333333333335,2.2
246,44.0,3.0,17.307692307692307,1.0,70.0,175.0,3.0,1.0,3.0,14.285714285714285,14.285714285714285,2.3333333333333335,1.0,1.0,3.3333333333333335,1.4
247,31.0,3.0,28.269230769230766,1.0,40.0,100.0,3.0,2.0,4.0,10.256410256410255,25.64102564102564,4.0,3.8333333333333335,3.5,4.666666666666667,3.8
248,56.0,3.0,28.846153846153847,1.0,47.5,118.75,3.0,2.0,3.0,34.090909090909086,34.090909090909086,3.3333333333333335,2.0,2.25,2.6666666666666665,2.8
249,45.0,3.0,48.21161777089524,1.0,27.0,112.5,1.0,1.0,3.0,53.84615384615385,30.76923076923077,4.333333333333333,3.3333333333333335,3.0,4.666666666666667,4.4
250,36.0,3.0,37.01538461538461,3.0,50.0,125.0,1.0,2.0,4.0,20.0,60.0,4.166666666666667,4.333333333333333,3.25,3.3333333333333335,3.2
251,34.0,3.0,28.846153846153847,3.0,44.0,110.0,1.0,1.0,5.0,2.272727272727273,86.36363636363636,3.0,2.1666666666666665,2.0,3.6666666666666665,2.8
252,31.0,3.0,362.6373626373626,2.0,28.0,100.0,1.0,2.0,3.0,0.0,82.14285714285714,3.8333333333333335,2.5,2.0,2.6666666666666665,3.0
253,39.0,3.0,48.21161777089524,3.0,28.0,100.0,1.0,4.0,4.0,47.021796317173994,13.434798947764001,3.5,3.6666666666666665,5.0,3.6666666666666665,4.2
254,37.0,3.0,31.35,3.0,40.0,100.0,1.0,3.0,4.0,0.0,50.0,4.166666666666667,4.666666666666667,4.5,4.666666666666667,4.0
255,55.0,3.0,32.1239423076923,3.0,80.0,200.0,3.0,1.0,1.0,0.0,93.75,2.1666666666666665,3.0,2.0,3.0,1.8
256,34.0,3.0,28.846153846153847,3.0,50.0,125.0,2.0,2.0,2.0,20.0,60.0,3.3333333333333335,3.6666666666666665,3.5,4.666666666666667,2.0
257,52.0,3.0,31.788461538461537,1.0,40.0,100.0,1.0,2.0,4.0,25.0,50.0,3.1666666666666665,3.8333333333333335,4.5,4.666666666666667,4.0
258,37.0,3.0,25.961538461538463,1.0,40.0,100.0,1.0,1.0,1.0,40.0,10.0,1.6666666666666667,1.6666666666666667,1.25,1.6666666666666667,2.6
259,36.0,3.0,23.076923076923077,3.0,20.0,100.0,1.0,1.0,4.0,0.0,90.0,3.8333333333333335,3.6666666666666665,2.0,4.333333333333333,4.2
260,29.0,3.0,25.961538461538463,3.0,48.0,120.0,1.0,2.0,1.0,16.666666666666664,41.66666666666667,2.1666666666666665,2.6666666666666665,2.0,5.0,3.0
261,39.0,3.0,24.35897435897436,1.0,27.0,100.0,1.0,2.0,5.0,0.0,18.51851851851852,4.166666666666667,2.8333333333333335,3.0,4.333333333333333,3.6
262,33.0,3.0,28.846153846153847,3.0,40.0,100.0,1.0,1.0,3.0,37.5,55.00000000000001,4.166666666666667,3.6666666666666665,4.25,4.666666666666667,4.0
263,38.0,3.0,30.76923076923077,3.0,30.0,100.0,1.0,1.0,2.0,73.33333333333333,10.0,4.5,3.8333333333333335,4.0,5.0,3.4
264,41.0,3.0,25.384615384615383,1.0,30.0,100.0,2.0,3.0,3.0,0.0,16.666666666666664,2.5,3.3333333333333335,3.25,4.333333333333333,4.4
265,52.0,3.0,36.92307692307692,1.0,48.0,120.0,3.0,1.0,3.0,25.0,20.833333333333336,4.666666666666667,3.8333333333333335,2.5,3.6666666666666665,3.6
266,36.0,3.0,18.842307692307692,3.0,25.0,125.0,1.0,3.0,3.0,78.43137254901961,11.76470588235294,2.5,2.8333333333333335,1.0,4.666666666666667,2.6
267,39.0,3.0,23.076923076923077,3.0,46.0,115.0,3.0,2.0,4.0,26.08695652173913,30.434782608695656,2.8333333333333335,2.6666666666666665,1.25,3.3333333333333335,2.4
268,35.0,3.0,28.846153846153847,2.0,40.0,100.0,1.0,1.0,2.0,40.0,40.0,3.8333333333333335,2.8333333333333335,4.25,3.6666666666666665,3.6
269,30.0,3.0,28.846153846153847,2.0,40.0,100.0,1.0,1.0,3.0,12.5,85.0,3.6666666666666665,4.333333333333333,3.5,4.666666666666667,4.2
270,35.0,3.0,46.15384615384615,1.0,55.0,137.5,3.0,3.0,3.0,26.666666666666668,26.666666666666668,2.6666666666666665,3.0,3.5,5.0,3.4
271,40.0,3.0,21.346153846153847,2.0,40.0,100.0,3.0,4.0,4.0,7.5,50.0,4.0,4.166666666666667,4.25,3.6666666666666665,3.4
272,39.0,3.0,28.846153846153847,1.0,47.0,117.5,3.0,2.0,3.0,6.382978723404255,29.78723404255319,2.5,2.6666666666666665,2.75,5.0,2.4
273,33.0,3.0,48.21161777089524,2.0,40.0,100.0,3.0,2.0,3.0,5.0,37.5,4.166666666666667,4.0,3.25,4.333333333333333,4.8
274,45.0,3.0,28.846153846153847,1.0,50.0,125.0,2.0,2.0,5.0,12.5,12.5,3.217687074829932,3.3333333333333335,4.0,5.0,2.6
275,33.0,3.0,28.846153846153847,3.0,45.0,112.5,1.0,2.0,5.0,17.77777777777778,60.0,3.5,3.1666666666666665,3.0,4.666666666666667,3.2
276,40.0,3.0,482.51748251748256,3.0,50.0,151.5151515151515,3.0,2.0,5.0,10.0,66.0,3.1666666666666665,3.112612612612613,2.75,5.0,3.2
277,37.0,3.0,48.21161777089524,2.0,45.0,100.0,1.0,2.0,5.0,0.0,77.77777777777779,2.1666666666666665,2.0,2.25,4.666666666666667,2.8
278,46.0,3.0,28.846153846153847,3.0,45.0,112.5,1.0,2.0,5.0,55.55555555555556,17.77777777777778,3.0,3.0,3.75,3.3333333333333335,3.0
279,38.0,3.0,25.10192307692308,1.0,50.0,125.0,2.0,2.0,3.0,20.0,40.0,4.666666666666667,4.333333333333333,4.0,5.0,4.4
280,29.0,3.0,18.90576923076923,2.0,40.0,100.0,1.0,3.0,4.0,7.5,82.5,4.833333333333333,4.0,4.75,4.0,4.8
281,29.0,3.0,25.107115384615383,2.0,55.0,137.5,2.0,3.0,5.0,40.0,40.0,3.3333333333333335,3.1666666666666665,3.75,3.3333333333333335,4.2
282,39.0,3.0,25.054945054945055,2.0,31.0,110.71428571428572,1.0,1.0,3.0,0.0,87.09677419354838,3.5,3.3333333333333335,3.5,4.0,3.0
283,33.0,3.0,28.846153846153847,3.0,70.0,175.0,1.0,2.0,5.0,28.57142857142857,57.14285714285714,2.8333333333333335,3.5,3.25,4.0,3.4
284,40.0,3.0,33.46153846153847,1.0,60.0,150.0,3.0,1.0,3.0,8.333333333333332,33.33333333333333,3.3333333333333335,2.3333333333333335,2.25,4.0,2.8
285,36.0,3.0,42.69230769230769,1.0,50.0,125.0,3.0,2.0,4.0,22.22222222222222,44.44444444444444,3.5,3.3333333333333335,4.0,3.0,4.0
286,33.0,3.0,25.096153846153847,2.0,40.0,100.0,3.0,2.0,4.0,12.5,50.0,3.0,3.1666666666666665,3.25,4.333333333333333,3.8
287,48.0,3.0,48.21161777089524,2.0,50.0,166.66666666666669,1.0,1.0,5.0,30.0,50.0,3.3333333333333335,2.3333333333333335,2.75,4.666666666666667,3.4
288,57.0,3.0,23.92820512820513,3.0,50.0,111.11111111111111,3.0,3.0,5.0,30.612244897959183,51.02040816326531,3.5,3.8333333333333335,5.0,4.666666666666667,4.0
289,33.0,3.0,28.846153846153847,3.0,40.0,100.0,1.0,1.0,5.0,50.0,12.5,3.3333333333333335,2.5,3.25,2.6666666666666665,2.2
290,34.0,3.0,27.3,3.0,40.0,133.33333333333331,1.0,3.0,3.0,40.0,40.0,4.0,3.8333333333333335,4.0,4.666666666666667,3.4
291,56.0,3.0,48.21161777089524,1.0,35.0,100.0,1.0,1.0,4.0,27.027027027027028,40.54054054054054,3.8333333333333335,4.333333333333333,4.25,4.0,4.6
292,49.0,3.0,27.69230769230769,2.0,40.0,100.0,1.0,2.0,3.0,17.073170731707318,73.17073170731707,3.8333333333333335,4.666666666666667,2.0,2.6666666666666665,3.4
293,39.0,3.0,27.115384615384613,3.0,47.5,118.75,3.0,2.0,4.0,7.246376811594203,65.21739130434783,4.0,4.666666666666667,4.5,4.666666666666667,3.6
294,31.0,3.0,20.0,3.0,30.0,100.0,1.0,1.0,3.0,33.33333333333333,33.33333333333333,4.833333333333333,3.6666666666666665,3.25,4.0,3.8
295,34.0,3.0,28.846153846153847,2.0,40.0,100.0,1.0,1.0,4.0,25.0,25.0,2.8333333333333335,4.166666666666667,3.25,3.3333333333333335,3.0
296,41.0,3.0,48.21161777089524,2.0,42.0,105.0,3.0,2.0,4.0,30.952380952380953,23.809523809523807,3.6666666666666665,4.333333333333333,4.75,5.0,4.4
297,37.0,3.0,236.53846153846152,3.0,45.0,112.5,3.0,1.0,4.0,4.444444444444445,77.77777777777779,4.166666666666667,4.166666666666667,4.0,4.0,3.4
298,39.0,3.0,28.846153846153847,3.0,50.0,125.0,1.0,3.0,3.0,28.21034461500524,52.89439615313483,3.3333333333333335,3.0,3.75,4.666666666666667,3.8
299,32.0,3.0,27.115384615384613,3.0,55.0,137.5,1.0,1.0,2.0,21.818181818181817,52.72727272727272,2.8333333333333335,2.1666666666666665,4.0,3.6666666666666665,3.2
300,30.0,3.0,14.134615384615383,2.0,45.0,112.5,1.0,1.0,4.0,0.0,75.0,3.6666666666666665,3.0,3.25,4.0,3.0
301,39.0,3.0,18.0,2.0,30.0,120.0,1.0,2.0,4.0,0.0,83.33333333333334,3.5,3.5,3.75,4.0,2.8
302,46.0,3.0,48.21161777089524,3.0,40.0,100.0,1.0,1.0,5.0,25.0,50.0,3.1666666666666665,2.5,2.0,3.6666666666666665,3.4
303,36.0,3.0,334.61538461538464,3.0,50.0,125.0,1.0,1.0,3.0,13.20754716981132,66.0377358490566,3.5,2.0,3.0,3.3333333333333335,4.0
304,43.0,3.0,28.846153846153847,3.0,40.0,100.0,1.0,1.0,1.0,20.0,40.0,3.5,1.9313063063063065,2.75,2.3333333333333335,2.4
305,34.0,3.0,26.538461538461537,3.0,26.0,130.0,1.0,1.0,5.0,25.0,25.0,3.6666666666666665,2.3333333333333335,2.75,5.0,3.2
306,42.0,3.0,48.21161777089524,3.0,40.0,100.0,1.0,1.0,4.0,50.0,40.0,3.8333333333333335,3.5,3.75,4.333333333333333,3.2
307,38.0,3.0,48.21161777089524,3.0,40.0,100.0,1.0,3.0,4.0,30.0,50.0,2.6666666666666665,2.3333333333333335,1.0,3.6666666666666665,3.2
308,32.0,3.0,24.807692307692307,3.0,50.0,125.0,1.0,2.0,5.0,20.0,10.0,3.5,1.8333333333333333,1.5,5.0,3.0
309,30.0,3.0,38.46153846153846,2.0,40.0,133.33333333333331,3.0,4.0,4.0,33.33333333333333,33.33333333333333,2.6666666666666665,4.333333333333333,3.5,5.0,3.8
310,35.0,3.0,27.115384615384613,3.0,55.0,137.5,1.0,2.0,4.0,18.181818181818183,63.63636363636363,3.8333333333333335,2.8333333333333335,3.75,4.666666666666667,2.8
311,40.0,3.0,28.125,3.0,15.0,46.875,1.0,1.0,4.0,0.0,33.33333333333333,3.3333333333333335,2.3333333333333335,4.5,2.3333333333333335,2.0
312,30.0,3.0,23.653846153846153,3.0,50.0,125.0,1.0,2.0,5.0,30.0,50.0,3.1666666666666665,4.0,3.25,5.0,3.6
313,52.0,3.0,25.961538461538463,3.0,44.0,110.0,1.0,2.0,3.0,23.25581395348837,46.51162790697674,3.5,4.833333333333333,2.965599905526689,4.0,3.6
314,33.0,3.0,20.192307692307693,3.0,52.5,131.25,3.0,1.0,3.0,27.27272727272727,36.36363636363637,3.5,3.5,2.75,2.0,3.4
315,42.0,3.0,30.0,3.0,40.0,100.0,3.0,2.0,5.0,50.0,30.0,4.0,4.5,3.5,3.3333333333333335,3.8
316,50.0,3.0,32.30769230769231,1.0,50.0,125.0,1.0,3.0,5.0,9.803921568627452,88.23529411764706,3.9092970521541948,3.1666666666666665,3.75,3.3333333333333335,3.4
317,29.0,3.0,25.096153846153847,3.0,55.0,137.5,1.0,1.0,5.0,36.36363636363637,36.36363636363637,2.8333333333333335,2.5,1.75,3.3333333333333335,1.8
318,47.0,3.0,17.307692307692307,1.0,50.0,125.0,2.0,2.0,4.0,25.53191489361702,31.914893617021278,3.8333333333333335,2.6666666666666665,1.25,4.666666666666667,3.2
319,34.0,3.0,34.217506631299734,3.0,45.0,155.17241379310346,3.0,1.0,4.0,33.33333333333333,33.33333333333333,2.3333333333333335,2.3333333333333335,4.25,2.3333333333333335,2.6
320,30.0,3.0,29.423076923076923,3.0,40.0,100.0,1.0,1.0,5.0,0.0,75.0,2.8333333333333335,3.3333333333333335,3.5,4.666666666666667,3.2
321,34.0,3.0,323.0769230769231,3.0,23.0,115.0,1.0,1.0,5.0,22.727272727272727,40.909090909090914,3.6666666666666665,3.5,4.25,5.0,2.6
322,31.0,3.0,25.384615384615383,3.0,40.0,100.0,1.0,3.0,2.0,50.0,33.33333333333333,2.8333333333333335,2.1666666666666665,2.75,2.6666666666666665,2.4
323,69.0,3.0,28.846153846153847,2.0,40.0,1000.0,1.0,1.0,1.0,0.0,0.0,4.666666666666667,3.6666666666666665,1.5,5.0,5.0
324,33.0,3.0,23.72134615384615,3.0,50.0,125.0,1.0,4.0,5.0,24.0,60.0,3.0,1.8333333333333333,1.0,3.6666666666666665,2.4
325,36.0,3.0,48.21161777089524,3.0,27.5,137.5,1.0,3.0,3.0,33.33333333333333,33.33333333333333,3.8333333333333335,4.166666666666667,4.75,5.0,3.0
326,40.0,3.0,30.0,3.0,40.0,100.0,1.0,3.0,4.0,50.0,12.5,3.5,2.0,2.25,2.6666666666666665,2.8
327,39.0,3.0,29.423076923076923,3.0,45.0,112.5,3.0,2.0,2.0,15.555555555555555,31.11111111111111,2.8333333333333335,3.5,2.5,3.6666666666666665,2.4
328,38.0,3.0,21.230769230769234,2.0,15.0,150.0,1.0,1.0,4.0,25.450500556173527,12.725250278086763,3.3843537414965987,2.8333333333333335,3.25,4.0,3.4
329,30.0,3.0,29.284615384615385,3.0,25.7,128.5,1.0,1.0,4.0,33.33333333333333,33.33333333333333,3.5,2.3333333333333335,2.75,1.3333333333333333,3.0
330,30.0,3.0,461.53846153846155,3.0,30.0,100.0,1.0,2.0,5.0,33.33333333333333,50.0,4.166666666666667,3.3333333333333335,3.0,5.0,3.8
331,32.0,3.0,24.230769230769234,3.0,40.0,100.0,3.0,2.0,4.0,44.11764705882353,11.76470588235294,4.333333333333333,2.1666666666666665,3.75,4.0,2.4
332,41.0,3.0,25.961538461538463,2.0,45.0,112.5,1.0,1.0,4.0,6.666666666666667,50.0,3.5,2.8333333333333335,4.25,5.0,3.2
333,36.0,3.0,25.096153846153847,3.0,40.0,100.0,1.0,2.0,1.0,20.0,50.0,2.3333333333333335,2.5,1.0,1.3333333333333333,2.4
334,57.0,3.0,426.92307692307696,1.0,24.0,120.0,1.0,4.0,4.0,57.14285714285714,19.047619047619047,4.5,4.333333333333333,4.5,4.333333333333333,5.0
335,29.0,3.0,25.107115384615383,3.0,40.0,100.0,1.0,1.0,4.0,50.0,37.5,4.333333333333333,3.6666666666666665,1.75,5.0,3.6
336,39.0,3.0,25.092307692307692,3.0,30.0,100.0,3.0,1.0,2.0,0.0,33.33333333333333,3.6666666666666665,4.666666666666667,5.0,4.666666666666667,2.6
337,27.0,3.0,25.107692307692307,3.0,50.0,125.0,1.0,2.0,3.0,10.0,80.0,3.3333333333333335,4.333333333333333,4.75,4.666666666666667,3.8
338,36.0,3.0,28.269230769230766,3.0,40.0,100.0,3.0,1.0,5.0,7.5,55.00000000000001,3.5,3.0,1.75,4.333333333333333,3.2
339,29.0,3.0,27.282692307692308,3.0,50.0,125.0,1.0,2.0,4.0,0.0,63.63636363636363,3.1666666666666665,3.5,4.75,5.0,3.8
340,33.0,3.0,29.290384615384614,3.0,44.0,110.0,1.0,2.0,4.0,37.03703703703704,37.03703703703704,4.333333333333333,3.6666666666666665,3.75,2.6666666666666665,3.8
341,41.0,3.0,28.846153846153847,3.0,40.0,100.0,1.0,2.0,2.0,20.0,75.0,4.333333333333333,3.1666666666666665,3.0,3.3333333333333335,3.0
342,42.0,3.0,19.03846153846154,3.0,47.5,118.75,1.0,1.0,5.0,55.55555555555556,22.22222222222222,4.166666666666667,3.5,3.75,4.666666666666667,3.2
343,31.0,3.0,28.846153846153847,3.0,50.0,125.0,3.0,1.0,2.0,0.0,40.0,3.6666666666666665,4.666666666666667,2.75,4.0,4.4
344,31.0,3.0,25.096153846153847,2.0,50.0,125.0,3.0,2.0,3.0,16.0,24.0,4.0,4.166666666666667,5.0,5.0,3.4
345,40.0,3.0,48.21161777089524,2.0,55.0,137.5,1.0,3.0,3.0,18.181818181818183,27.27272727272727,3.6666666666666665,2.6666666666666665,3.5,3.6666666666666665,3.4
346,33.0,3.0,29.284615384615385,3.0,40.0,100.0,1.0,2.0,5.0,12.5,62.5,4.833333333333333,5.0,5.0,5.0,4.0
347,39.0,3.0,26.373626373626376,3.0,40.0,114.28571428571428,3.0,1.0,5.0,12.5,0.0,2.3333333333333335,3.1666666666666665,1.5,5.0,1.2
348,38.0,3.0,32.11538461538461,3.0,29.0,120.83333333333331,3.0,1.0,4.0,13.333333333333334,33.33333333333333,4.5,3.6666666666666665,4.25,4.333333333333333,3.6
349,37.0,3.0,29.286057692307693,3.0,32.0,100.0,1.0,2.0,3.0,25.0,50.0,3.5,4.0,5.0,3.6666666666666665,2.8
350,41.0,3.0,21.923076923076923,3.0,40.0,100.0,3.0,1.0,4.0,33.33333333333333,22.22222222222222,3.3333333333333335,2.6666666666666665,2.0,2.3333333333333335,2.6
351,34.0,3.0,25.107115384615383,3.0,40.0,100.0,1.0,1.0,5.0,0.0,60.0,4.5,4.333333333333333,5.0,5.0,3.6
352,33.0,3.0,24.230769230769234,2.0,40.0,100.0,1.0,3.0,4.0,0.0,50.0,3.8333333333333335,3.3333333333333335,4.0,4.333333333333333,3.8
353,28.0,3.0,25.107115384615383,3.0,40.0,100.0,1.0,1.0,3.0,25.0,62.5,3.5,4.5,3.75,4.666666666666667,4.8
354,42.0,3.0,48.21161777089524,1.0,45.0,112.5,2.0,3.0,4.0,37.5,25.0,3.1666666666666665,3.0,2.75,3.6666666666666665,2.8
355,31.0,3.0,23.076923076923077,3.0,45.0,112.5,1.0,1.0,5.0,0.0,92.6829268292683,4.5,2.8333333333333335,3.0,4.0,3.2
356,35.0,3.0,43.84615384615385,2.0,40.0,100.0,1.0,1.0,5.0,20.0,20.0,3.1666666666666665,3.3333333333333335,2.25,5.0,4.2
357,36.0,3.0,16.153846153846153,3.0,40.0,100.0,1.0,1.0,5.0,37.5,37.5,3.9594594594594597,3.3333333333333335,2.5,3.6666666666666665,3.2
358,41.0,3.0,48.21161777089524,1.0,38.0,100.0,2.0,3.0,4.0,31.57894736842105,21.052631578947366,2.6666666666666665,2.8333333333333335,3.75,5.0,3.4
359,36.0,3.0,18.66346153846154,3.0,55.0,137.5,1.0,2.0,5.0,27.27272727272727,27.27272727272727,3.1666666666666665,1.8333333333333333,3.0,3.6666666666666665,3.0
360,36.0,3.0,29.561538461538465,3.0,47.5,118.75,3.0,2.0,3.0,0.0,62.5,3.0,3.3333333333333335,4.0,5.0,3.4
361,41.0,3.0,48.21161777089524,3.0,30.0,100.0,3.0,1.0,4.0,6.666666666666667,73.33333333333333,4.333333333333333,3.3333333333333335,2.977586206896552,3.3333333333333335,3.0
362,33.0,3.0,27.115384615384613,3.0,40.0,100.0,1.0,4.0,2.0,32.108375121622636,32.108375121622636,3.6666666666666665,4.5,3.5,3.6666666666666665,1.4
363,43.0,3.0,20.192307692307693,3.0,42.385714285714286,120.43258736793219,3.0,1.0,5.0,12.5,12.5,1.8333333333333333,1.0,2.0,2.6666666666666665,1.4
364,40.0,3.0,48.21161777089524,3.0,20.0,100.0,1.0,3.0,3.0,29.94372464337129,37.42965580421411,4.333333333333333,4.666666666666667,4.75,5.0,4.2
365,37.0,3.0,48.21161777089524,3.0,40.0,100.0,1.0,1.0,3.0,25.0,50.0,3.6666666666666665,2.6666666666666665,2.0,2.6666666666666665,3.8
366,31.0,3.0,20.769230769230766,3.0,40.0,100.0,1.0,1.0,3.0,2.2222222222222223,77.77777777777779,4.333333333333333,4.0,2.25,5.0,4.0
367,33.0,3.0,28.512820512820515,3.0,36.0,100.0,1.0,1.0,2.0,5.555555555555555,88.88888888888889,4.0,4.5,5.0,4.0,4.2
368,42.0,3.0,25.107115384615383,3.0,40.0,100.0,3.0,2.0,3.0,15.0,37.5,3.1666666666666665,4.0,2.75,3.6666666666666665,2.8
369,33.0,3.0,31.730769230769234,3.0,45.0,112.5,1.0,1.0,4.0,38.88888888888889,38.88888888888889,3.600907029478458,4.333333333333333,3.215599905526689,5.0,3.8
370,32.0,3.0,25.107115384615383,3.0,55.0,137.5,1.0,2.0,4.0,72.72727272727273,18.181818181818183,2.3333333333333335,3.6666666666666665,2.25,5.0,2.8
371,31.0,2.0,19.73846153846154,3.0,40.0,133.33333333333331,1.0,2.0,3.0,19.047619047619047,71.42857142857143,4.0,3.8333333333333335,4.25,3.3333333333333335,3.6
372,34.0,2.0,26.134615384615387,2.0,40.0,100.0,1.0,3.0,3.0,12.5,25.0,4.333333333333333,3.6666666666666665,4.75,4.666666666666667,3.8
373,36.0,2.0,20.192307692307693,2.0,60.0,150.0,1.0,2.0,5.0,13.88888888888889,55.55555555555556,3.6666666666666665,2.3333333333333335,1.25,3.0,2.2
374,35.0,2.0,15.384615384615385,2.0,30.0,100.0,2.0,3.0,1.0,33.33333333333333,22.22222222222222,3.0,3.3333333333333335,4.5,4.333333333333333,3.0
375,30.0,2.0,22.30769230769231,3.0,30.0,100.0,1.0,3.0,4.0,33.33333333333333,16.666666666666664,3.8333333333333335,1.5,2.5,3.3333333333333335,2.8
376,39.0,2.0,16.923076923076923,3.0,45.0,150.0,1.0,1.0,4.0,0.0,31.67210060549604,3.1666666666666665,3.6666666666666665,4.0,4.333333333333333,2.2
377,26.0,2.0,21.346153846153847,2.0,40.0,100.0,1.0,4.0,2.0,13.157894736842104,26.31578947368421,3.6666666666666665,4.5,4.25,5.0,4.4
378,29.0,2.0,18.907538461538465,2.0,48.0,160.0,1.0,1.0,2.0,43.75,12.5,3.3333333333333335,2.5,2.25,4.666666666666667,2.2
379,39.0,2.0,15.576923076923077,3.0,35.0,175.0,1.0,3.0,3.0,26.31578947368421,10.526315789473683,2.8333333333333335,2.1666666666666665,2.25,2.6666666666666665,2.4
380,40.0,2.0,18.46153846153846,3.0,40.0,133.33333333333331,1.0,1.0,4.0,33.33333333333333,57.14285714285714,4.5,3.0363636363636366,4.0,5.0,3.0
381,29.0,2.0,33.808428957649944,3.0,39.17530487804878,125.20239415056487,1.0,1.0,4.0,3.3333333333333335,50.0,4.166666666666667,4.0,4.0,4.0,4.0
382,29.0,2.0,17.69230769230769,3.0,43.0,143.33333333333334,1.0,1.0,4.0,0.0,93.02325581395348,4.0,3.0,2.5,5.0,2.4
383,26.0,2.0,18.995290423861853,2.0,36.75,100.0,1.0,1.0,3.0,43.53741496598639,39.455782312925166,2.1666666666666665,1.8333333333333333,1.75,3.3333333333333335,2.8
384,33.0,2.0,22.407692307692308,3.0,45.0,150.0,1.0,1.0,3.0,17.77777777777778,53.333333333333336,2.6666666666666665,2.3333333333333335,3.1959625621772116,2.0,3.0
385,25.0,2.0,18.88111888111888,3.0,48.0,145.45454545454547,1.0,4.0,5.0,37.5,62.5,3.0,2.8333333333333335,3.0,4.666666666666667,3.6
386,33.0,2.0,27.403846153846157,3.0,30.0,125.0,1.0,2.0,4.0,46.666666666666664,33.33333333333333,4.0,3.0,3.0,5.0,3.6
387,38.0,2.0,16.153846153846153,3.0,39.17530487804878,125.20239415056487,1.0,1.0,5.0,26.666666666666668,53.333333333333336,2.5,1.6666666666666667,1.0,3.6666666666666665,2.6
388,31.0,2.0,18.907692307692308,3.0,40.0,133.33333333333331,1.0,1.0,4.0,16.168434586949534,62.87367405978785,3.1666666666666665,2.6666666666666665,2.5,3.6666666666666665,3.0
389,28.0,2.0,33.808428957649944,3.0,37.0,123.33333333333334,1.0,3.0,2.0,48.47131980707139,24.235659903535694,4.166666666666667,3.8333333333333335,3.5,5.0,3.6
390,25.0,2.0,22.03846153846154,3.0,45.0,112.5,1.0,1.0,4.0,26.666666666666668,66.66666666666666,3.8333333333333335,3.5,4.0,5.0,4.2
391,28.0,2.0,317.30769230769226,3.0,55.0,137.5,1.0,3.0,2.0,5.128205128205128,59.82905982905983,3.6666666666666665,3.5,3.75,4.666666666666667,3.6
392,29.0,2.0,288.46153846153845,3.0,40.0,100.0,1.0,3.0,2.0,25.0,50.0,3.3333333333333335,3.0363636363636366,3.0,3.6666666666666665,3.0
393,30.0,2.0,25.961538461538463,3.0,40.0,100.0,1.0,3.0,4.0,0.0,87.5,4.333333333333333,4.0,3.75,3.6666666666666665,3.8
394,29.0,2.0,21.346153846153847,1.0,55.0,137.5,1.0,1.0,5.0,16.666666666666664,20.833333333333336,2.3333333333333335,1.6666666666666667,1.0,1.0,1.6
395,28.0,2.0,23.94126923076923,2.0,45.0,112.5,1.0,2.0,4.0,15.555555555555555,77.77777777777779,5.0,2.0,5.0,5.0,4.0
396,33.0,2.0,22.058769230769233,3.0,42.0,140.0,1.0,1.0,5.0,17.29299249831123,64.84872186866711,2.6666666666666665,1.8333333333333333,2.5,1.6666666666666667,1.4
397,31.0,2.0,22.046153846153846,3.0,35.0,116.66666666666669,1.0,1.0,5.0,0.0,71.42857142857143,3.1666666666666665,2.1666666666666665,2.5,2.3333333333333335,2.8
398,37.0,2.0,17.307692307692307,3.0,40.0,100.0,1.0,2.0,4.0,27.77777777777778,22.22222222222222,4.666666666666667,3.0,2.75,2.6666666666666665,3.6
399,26.0,2.0,22.0,3.0,40.0,133.33333333333331,1.0,2.0,3.0,0.0,67.77897514027721,3.8333333333333335,3.0,2.0,2.0,2.8
400,28.0,2.0,21.346153846153847,2.0,47.5,118.75,1.0,3.0,3.0,4.3478260869565215,76.08695652173914,4.333333333333333,4.666666666666667,4.5,5.0,4.6
401,54.0,2.0,33.808428957649944,3.0,39.17530487804878,125.20239415056487,1.0,2.0,3.0,51.759521405283294,30.84704167887173,4.166666666666667,3.0,3.1959625621772116,3.3333333333333335,3.6
402,35.0,2.0,25.96153846153846,3.0,45.0,140.625,1.0,1.0,4.0,40.66738508416633,33.889487570138606,4.166666666666667,3.3333333333333335,1.25,3.0,2.8
403,32.0,2.0,17.946153846153845,2.0,30.0,100.0,1.0,1.0,3.0,50.0,33.33333333333333,4.0,2.5,3.5,4.666666666666667,3.8
404,24.0,2.0,12.692307692307692,2.0,20.0,100.0,1.0,1.0,3.0,75.0,0.0,4.166666666666667,2.6666666666666665,4.25,3.6666666666666665,3.0
405,29.0,2.0,22.21153846153846,3.0,40.0,100.0,1.0,1.0,4.0,12.5,25.0,2.8333333333333335,2.6666666666666665,3.0,2.3333333333333335,2.4
406,35.0,2.0,26.153846153846153,3.0,30.0,100.0,1.0,1.0,4.0,20.376188680826104,66.22261321268485,4.5,2.3333333333333335,4.0,4.666666666666667,3.8
407,33.0,2.0,26.153846153846153,3.0,35.0,116.66666666666669,1.0,2.0,5.0,34.285714285714285,28.57142857142857,4.666666666666667,3.1666666666666665,4.5,4.0,3.8
408,31.0,2.0,22.087912087912088,3.0,35.0,100.0,1.0,3.0,4.0,28.57142857142857,28.57142857142857,3.1666666666666665,3.3333333333333335,4.0,1.6666666666666667,2.6
409,35.0,2.0,22.30769230769231,3.0,30.0,100.0,1.0,2.0,3.0,33.33333333333333,33.33333333333333,3.5,2.5,2.0,2.6666666666666665,2.4
410,34.0,2.0,25.575,2.0,40.0,100.0,1.0,2.0,3.0,40.66738508416633,45.18598342685147,3.6666666666666665,4.0,3.75,4.0,4.6
411,27.0,2.0,22.06153846153846,3.0,30.0,100.0,1.0,2.0,2.0,16.666666666666664,66.66666666666666,2.8333333333333335,2.8333333333333335,2.5,3.6666666666666665,3.4
412,39.0,2.0,33.808428957649944,3.0,40.0,100.0,1.0,1.0,4.0,12.5,50.0,2.1666666666666665,2.1666666666666665,2.5,1.0,1.6
413,26.0,2.0,22.058461538461536,3.0,50.0,166.66666666666669,1.0,1.0,2.0,18.0,70.0,2.8333333333333335,2.5,4.0,1.3333333333333333,3.0
414,26.0,2.0,18.46153846153846,2.0,45.0,150.0,1.0,1.0,4.0,8.88888888888889,68.88888888888889,3.0,3.8333333333333335,4.75,4.333333333333333,3.6
415,30.0,2.0,18.908076923076926,3.0,25.0,125.0,1.0,1.0,5.0,25.0,40.0,4.5,4.333333333333333,4.5,5.0,4.6
416,25.0,2.0,22.0,3.0,30.0,100.0,1.0,1.0,3.0,9.67741935483871,87.09677419354838,4.166666666666667,4.5,3.1959625621772116,5.0,3.6
417,31.0,2.0,33.808428957649944,3.0,55.0,137.5,1.0,1.0,4.0,30.0,50.0,3.8333333333333335,3.8333333333333335,4.75,5.0,3.2
418,28.0,2.0,22.30769230769231,2.0,30.0,100.0,2.0,2.0,5.0,6.666666666666667,50.0,2.3333333333333335,1.6666666666666667,2.0,2.3333333333333335,2.2
419,27.0,2.0,264.6153846153846,3.0,30.0,100.0,1.0,3.0,4.0,33.33333333333333,36.666666666666664,3.1666666666666665,3.8333333333333335,3.25,4.0,3.6
420,35.0,2.0,52.88461538461539,2.0,60.0,125.0,1.0,2.0,4.0,17.857142857142858,57.14285714285714,2.5,2.6666666666666665,3.25,2.6666666666666665,3.0
421,37.0,2.0,26.153846153846153,3.0,40.0,133.33333333333331,1.0,2.0,3.0,60.0,20.0,3.3333333333333335,2.6666666666666665,1.75,4.666666666666667,3.4
422,29.0,2.0,22.78846153846154,3.0,55.0,137.5,1.0,2.0,4.0,9.090909090909092,52.72727272727272,4.666666666666667,3.1666666666666665,3.25,5.0,4.2
423,30.0,2.0,33.808428957649944,2.0,40.0,133.33333333333331,1.0,3.0,4.0,19.897926666495717,53.79956315394468,2.8333333333333335,2.8755020080321287,2.75,4.0,2.4
424,33.0,2.0,49.03846153846153,2.0,55.0,137.5,2.0,4.0,3.0,21.428571428571427,28.57142857142857,3.3333333333333335,3.8333333333333335,3.0,3.3333333333333335,3.8
425,28.0,2.0,18.46153846153846,3.0,40.0,133.33333333333331,1.0,2.0,3.0,7.5,75.0,2.5,3.6666666666666665,4.0,5.0,3.2
426,31.0,2.0,21.346153846153847,3.0,40.0,100.0,1.0,1.0,2.0,37.5,50.0,3.6666666666666665,3.1666666666666665,2.5,3.0,2.2
427,25.0,2.0,21.53846153846154,3.0,42.5,141.66666666666669,1.0,3.0,5.0,50.0,12.5,4.166666666666667,2.8333333333333335,3.0,4.333333333333333,2.8
428,33.0,2.0,33.808428957649944,3.0,40.0,114.28571428571428,1.0,2.0,3.0,25.0,50.0,3.8333333333333335,4.166666666666667,4.5,4.666666666666667,2.6
429,28.0,2.0,23.076923076923077,3.0,40.0,133.33333333333331,1.0,2.0,4.0,37.5,37.5,3.1087824351297404,3.078532311062432,3.4984662576687118,5.0,3.451497005988024
430,28.0,2.0,33.808428957649944,3.0,45.0,150.0,1.0,1.0,3.0,20.65281166043912,56.32584998301577,3.3333333333333335,2.5,3.0,4.666666666666667,2.2
431,30.0,2.0,21.53846153846154,3.0,45.0,150.0,1.0,1.0,3.0,14.457831325301203,84.33734939759037,3.8333333333333335,4.166666666666667,4.75,4.666666666666667,3.4
432,31.0,2.0,33.808428957649944,3.0,40.0,100.0,1.0,1.0,4.0,28.57142857142857,55.55555555555556,4.5,4.666666666666667,2.0,4.333333333333333,4.0
433,27.0,2.0,22.053846153846155,3.0,30.0,100.0,1.0,1.0,5.0,0.0,93.33333333333333,4.0,2.6666666666666665,3.9984662576687118,4.0,3.4
434,32.0,2.0,17.307692307692307,3.0,40.0,100.0,1.0,3.0,2.0,25.0,50.0,2.6666666666666665,3.8333333333333335,3.75,3.6666666666666665,3.6
435,27.0,2.0,17.884615384615383,3.0,44.0,110.0,1.0,1.0,5.0,0.0,95.55555555555556,2.0,1.8333333333333333,2.0,4.0,2.6
436,28.0,2.0,19.23076923076923,3.0,30.0,100.0,1.0,1.0,3.0,50.94047170206526,12.735117925516315,4.166666666666667,2.5,1.0,2.0,2.2
437,31.0,2.0,33.808428957649944,3.0,40.0,133.33333333333331,1.0,2.0,4.0,0.0,87.5,3.6666666666666665,4.333333333333333,3.5,5.0,3.0
438,28.0,2.0,13.076923076923077,2.0,30.0,100.0,1.0,2.0,3.0,20.0,66.66666666666666,3.1666666666666665,3.1666666666666665,4.5,3.0,2.8
439,31.0,2.0,19.23076923076923,3.0,40.0,133.33333333333331,1.0,2.0,4.0,12.5,37.5,3.6666666666666665,3.5,3.5,5.0,2.8
440,27.0,2.0,19.23076923076923,2.0,42.5,141.66666666666669,1.0,1.0,4.0,19.51219512195122,73.17073170731707,4.666666666666667,4.0,4.75,4.666666666666667,4.4
441,27.0,2.0,13.846153846153845,3.0,40.0,133.33333333333331,1.0,2.0,5.0,14.705882352941178,73.52941176470588,2.8333333333333335,3.0,2.0,5.0,2.6
442,27.0,2.0,20.192307692307693,3.0,40.0,100.0,1.0,5.0,3.0,17.441860465116278,75.5813953488372,4.833333333333333,5.0,3.5,4.0,4.6
443,30.0,2.0,17.69230769230769,3.0,40.0,133.33333333333331,1.0,1.0,5.0,25.0,62.5,4.166666666666667,3.6666666666666665,3.0,4.333333333333333,3.2
444,25.0,2.0,20.769230769230766,3.0,40.0,100.0,1.0,1.0,3.0,10.0,40.0,3.6666666666666665,4.666666666666667,4.5,5.0,4.2
445,38.0,2.0,26.46153846153846,2.0,50.0,166.66666666666669,1.0,4.0,5.0,20.0,60.0,3.6666666666666665,1.8333333333333333,1.0,3.3333333333333335,2.0
446,37.0,2.0,26.153846153846153,3.0,30.0,100.0,1.0,4.0,5.0,26.666666666666668,50.0,4.0,4.166666666666667,5.0,5.0,4.0
447,30.0,2.0,22.06153846153846,3.0,30.0,100.0,1.0,2.0,3.0,33.33333333333333,50.0,3.0,3.1666666666666665,1.5,2.0,3.0
448,27.0,2.0,18.46153846153846,2.0,40.0,133.33333333333331,1.0,2.0,5.0,0.0,62.5,2.6666666666666665,2.5,2.0,4.666666666666667,3.0
449,37.0,2.0,20.584615384615386,3.0,40.0,133.33333333333331,1.0,2.0,5.0,30.0,36.666666666666664,4.166666666666667,2.6666666666666665,2.5,5.0,4.0
450,29.0,2.0,25.96153846153846,3.0,40.0,133.33333333333331,1.0,2.0,3.0,20.0,70.0,2.8333333333333335,2.8333333333333335,1.0,2.0,2.8
451,34.0,2.0,26.146153846153844,3.0,40.0,100.0,1.0,2.0,3.0,15.0,45.0,4.0,4.166666666666667,4.0,5.0,3.6
452,27.0,2.0,14.201183431952662,3.0,26.0,100.0,1.0,1.0,4.0,0.0,76.92307692307693,3.1666666666666665,3.5,3.25,4.0,4.2
453,29.0,2.0,33.808428957649944,3.0,45.0,150.0,1.0,4.0,4.0,26.666666666666668,55.55555555555556,3.3333333333333335,3.5,4.25,5.0,2.8
454,26.0,2.0,19.23076923076923,3.0,30.0,100.0,1.0,1.0,3.0,20.0,66.66666666666666,3.0,3.8333333333333335,4.25,4.333333333333333,3.4
455,30.0,2.0,17.69230769230769,3.0,50.0,166.66666666666669,1.0,1.0,5.0,6.666666666666667,77.77777777777779,3.5,2.6666666666666665,1.25,4.0,3.0
456,32.0,2.0,22.414615384615388,3.0,30.0,100.0,1.0,1.0,3.0,16.666666666666664,73.33333333333333,3.6666666666666665,4.333333333333333,4.5,3.6666666666666665,3.6
457,30.0,2.0,242.3076923076923,3.0,40.0,100.0,1.0,1.0,4.0,37.5,50.0,4.5,2.6666666666666665,4.0,4.666666666666667,3.8
458,29.0,2.0,16.923076923076923,3.0,42.0,140.0,1.0,2.0,3.0,35.714285714285715,50.0,3.5,3.1666666666666665,2.5,4.0,3.0
459,25.0,2.0,19.23076923076923,2.0,30.0,100.0,1.0,1.0,4.0,3.3333333333333335,83.33333333333334,3.1666666666666665,2.5,4.75,3.6666666666666665,2.8
460,32.0,2.0,25.76923076923077,2.0,40.0,133.33333333333331,1.0,2.0,4.0,23.809523809523807,47.61904761904761,3.0,2.1666666666666665,2.75,3.3333333333333335,2.4
461,33.0,2.0,22.30769230769231,3.0,30.0,100.0,1.0,2.0,5.0,33.33333333333333,60.0,4.5,4.5,5.0,5.0,4.4
462,28.0,2.0,21.82952182952183,2.0,37.0,100.0,1.0,2.0,2.0,40.54054054054054,40.54054054054054,4.166666666666667,4.666666666666667,3.5,4.0,4.0
463,33.0,2.0,22.30769230769231,3.0,50.0,166.66666666666669,1.0,1.0,5.0,16.666666666666664,33.33333333333333,1.6666666666666667,1.5,1.5,2.3333333333333335,1.4
464,32.0,2.0,26.146153846153844,3.0,42.0,105.0,1.0,1.0,1.0,5.0,20.0,2.0,2.0,1.25,3.3333333333333335,2.0
465,28.0,2.0,22.053846153846155,3.0,30.0,100.0,1.0,2.0,4.0,40.0,43.333333333333336,3.3333333333333335,4.166666666666667,3.5,4.666666666666667,3.8
466,30.0,2.0,22.30769230769231,3.0,40.0,133.33333333333331,1.0,1.0,4.0,11.296495856712868,67.77897514027721,3.6666666666666665,3.3333333333333335,3.0,4.666666666666667,3.4
467,30.0,2.0,18.46153846153846,2.0,45.0,150.0,1.0,2.0,3.0,43.47826086956522,43.47826086956522,3.6666666666666665,2.8333333333333335,2.0,4.666666666666667,3.4
468,34.0,2.0,18.46153846153846,3.0,50.0,250.0,1.0,2.0,5.0,31.914893617021278,42.5531914893617,4.166666666666667,4.5,4.0,3.0,3.4
469,28.0,2.0,21.923076923076923,3.0,40.0,100.0,3.0,1.0,5.0,27.77777777777778,44.44444444444444,3.8333333333333335,2.3333333333333335,2.75,3.6666666666666665,3.2
470,30.0,2.0,261.53846153846155,3.0,30.0,100.0,1.0,2.0,4.0,40.0,56.666666666666664,4.333333333333333,3.8333333333333335,4.5,4.666666666666667,3.2
471,27.0,2.0,13.846153846153845,3.0,55.0,137.5,1.0,1.0,5.0,0.0,72.72727272727273,3.6666666666666665,2.3333333333333335,3.5,4.0,3.2
472,26.0,2.0,22.058769230769233,3.0,40.0,133.33333333333331,1.0,2.0,2.0,50.0,50.0,4.0,4.166666666666667,4.5,5.0,3.4
473,34.0,2.0,17.69230769230769,3.0,45.0,150.0,1.0,1.0,2.0,22.22222222222222,55.55555555555556,2.8333333333333335,3.1666666666666665,3.5,4.0,2.8
474,28.0,2.0,19.23076923076923,3.0,35.0,116.66666666666669,1.0,1.0,2.0,5.555555555555555,41.66666666666667,2.3333333333333335,1.6666666666666667,4.5,1.6666666666666667,2.4
475,36.0,2.0,18.46153846153846,2.0,45.0,150.0,1.0,2.0,3.0,34.090909090909086,50.0,3.8333333333333335,4.333333333333333,4.75,5.0,4.0
476,26.0,2.0,20.384615384615383,3.0,35.0,116.66666666666669,1.0,1.0,4.0,55.022624434389144,18.34087481146305,4.0,1.8333333333333333,4.0,4.666666666666667,3.4
477,33.0,2.0,26.0,3.0,30.0,100.0,1.0,1.0,5.0,10.0,40.0,3.1666666666666665,4.333333333333333,4.25,5.0,3.0
478,38.0,2.0,33.808428957649944,2.0,45.0,140.625,1.0,1.0,5.0,8.333333333333332,62.5,3.3333333333333335,3.6666666666666665,3.0,4.333333333333333,3.2
479,33.0,2.0,22.30769230769231,3.0,30.0,100.0,1.0,1.0,4.0,0.0,50.0,3.0,3.6666666666666665,3.75,4.666666666666667,3.2
480,29.0,2.0,32.30769230769231,3.0,45.0,150.0,1.0,2.0,3.0,11.11111111111111,11.11111111111111,4.0,4.166666666666667,4.5,5.0,3.2
481,33.0,2.0,21.53846153846154,3.0,40.0,133.33333333333331,1.0,1.0,4.0,0.0,37.5,2.8333333333333335,1.5,2.25,5.0,2.4
482,30.0,2.0,192.30769230769232,3.0,38.5,128.33333333333334,1.0,2.0,4.0,23.809523809523807,28.57142857142857,2.3333333333333335,3.3333333333333335,4.25,4.333333333333333,2.6
483,29.0,2.0,16.923076923076923,2.0,40.0,133.33333333333331,1.0,1.0,4.0,0.0,81.08108108108108,3.3333333333333335,1.8333333333333333,3.0,1.3333333333333333,2.0
484,30.0,2.0,33.60769230769231,2.0,35.0,116.66666666666669,1.0,2.0,4.0,23.333333333333332,66.66666666666666,3.8333333333333335,3.6666666666666665,4.25,3.6666666666666665,3.4
485,29.0,2.0,21.53846153846154,3.0,50.0,166.66666666666669,1.0,1.0,4.0,30.0,50.0,4.0,3.1666666666666665,3.75,4.0,3.0
486,24.0,2.0,16.015384615384615,2.0,30.0,300.0,1.0,1.0,3.0,3.3333333333333335,93.33333333333333,3.966463414634146,3.6666666666666665,3.75,5.0,3.8
487,32.0,2.0,20.769230769230766,3.0,40.0,100.0,1.0,1.0,4.0,12.5,37.5,4.5,2.0,3.75,3.6666666666666665,2.4
488,26.0,2.0,16.637942307692306,2.0,40.0,100.0,1.0,2.0,3.0,19.897926666495717,53.79956315394468,2.5,3.0,2.75,4.0,3.0
489,31.0,2.0,18.907500000000002,2.0,50.0,125.0,3.0,3.0,5.0,6.0,20.0,3.6666666666666665,2.8333333333333335,2.5,4.666666666666667,3.2
490,31.0,2.0,22.435897435897438,3.0,36.0,100.0,1.0,1.0,4.0,21.875,75.0,4.166666666666667,4.5,3.5,5.0,4.6
491,29.0,2.0,13.076923076923077,2.0,35.0,116.66666666666669,1.0,2.0,4.0,0.0,57.14285714285714,3.3333333333333335,3.8333333333333335,4.25,4.333333333333333,2.8
492,33.0,2.0,33.808428957649944,3.0,30.0,100.0,1.0,1.0,5.0,44.11764705882353,20.588235294117645,2.5,1.5,1.0,4.333333333333333,1.8
493,39.0,2.0,20.0,3.0,40.0,133.33333333333331,1.0,1.0,4.0,19.897926666495717,53.79956315394468,3.0,1.6666666666666667,1.0,2.0,2.6
494,31.0,2.0,23.076923076923077,3.0,40.0,133.33333333333331,1.0,2.0,3.0,2.5,87.5,3.3333333333333335,3.3333333333333335,3.5,5.0,3.6
495,29.0,2.0,16.923076923076923,3.0,45.0,150.0,1.0,1.0,5.0,30.0,57.49999999999999,2.6666666666666665,2.5,1.5,5.0,1.8
496,38.0,2.0,22.414615384615388,3.0,50.0,166.66666666666669,1.0,1.0,5.0,30.0,20.0,3.0,2.0,3.5,5.0,2.8
497,32.0,2.0,33.808428957649944,2.0,50.0,125.0,1.0,1.0,4.0,33.33333333333333,66.66666666666666,3.0,2.5,3.5,3.0,2.2
498,27.0,2.0,22.30769230769231,3.0,45.0,150.0,1.0,1.0,5.0,11.11111111111111,82.22222222222221,2.5,1.6666666666666667,1.25,2.6666666666666665,2.4
499,25.0,2.0,11.868131868131867,3.0,40.0,114.28571428571428,1.0,2.0,4.0,42.857142857142854,42.857142857142854,4.333333333333333,2.5,4.25,5.0,3.0
500,33.0,2.0,22.053846153846155,3.0,33.0,110.0,1.0,2.0,3.0,24.242424242424242,30.303030303030305,3.5,1.8333333333333333,4.0,3.6666666666666665,2.6
501,31.0,2.0,18.846153846153847,2.0,30.0,100.0,1.0,1.0,5.0,16.666666666666664,50.0,3.6666666666666665,3.0,1.75,2.6666666666666665,3.0
502,31.0,2.0,22.06153846153846,3.0,40.0,133.33333333333331,1.0,2.0,4.0,0.0,67.77897514027721,3.6331300813008127,3.6666666666666665,4.0,4.333333333333333,3.6
503,30.0,2.0,23.076923076923077,3.0,40.0,133.33333333333331,1.0,2.0,4.0,46.15384615384615,38.46153846153847,3.5,2.8333333333333335,4.0,4.333333333333333,3.2
504,36.0,2.0,34.61538461538462,3.0,50.0,166.66666666666669,1.0,2.0,4.0,20.0,60.0,4.333333333333333,4.333333333333333,5.0,5.0,4.2
505,30.0,2.0,19.23076923076923,3.0,40.0,133.33333333333331,1.0,2.0,4.0,20.0,50.0,2.8333333333333335,2.6666666666666665,2.75,4.0,3.8
506,48.0,2.0,19.06153846153846,3.0,30.0,100.0,1.0,1.0,3.0,5.0,66.66666666666666,3.8333333333333335,3.3333333333333335,2.5,3.0,3.2
507,29.0,2.0,20.0,3.0,39.17530487804878,125.20239415056487,1.0,1.0,5.0,13.88888888888889,83.33333333333334,4.166666666666667,3.3333333333333335,1.75,4.666666666666667,3.408383233532934
508,30.0,2.0,22.41461538461538,2.0,30.0,150.0,1.0,1.0,5.0,5.714285714285714,71.42857142857143,3.6666666666666665,3.1666666666666665,3.0,5.0,3.5317365269461076
509,49.0,9.0,62.37006237006237,6.0,30.0,162.16216216216216,2.0,4.0,3.0,20.0,10.0,3.3333333333333335,3.8333333333333335,4.25,4.333333333333333,4.2
510,67.0,9.0,692.3076923076923,1.0,40.0,100.0,2.0,4.0,5.0,51.1760400750582,20.282770549748065,4.666666666666667,4.333333333333333,3.75,5.0,5.0
511,52.0,9.0,34.61538461538461,3.0,60.0,150.0,2.0,3.0,4.0,33.33333333333333,25.0,3.1666666666666665,3.6666666666666665,2.75,4.666666666666667,4.0
512,58.0,9.0,37.5,6.0,48.24444444444445,128.64340233090232,2.0,1.0,4.0,30.0,40.0,2.8333333333333335,2.3333333333333335,3.0,4.0,2.6
513,50.0,9.0,29.670329670329675,1.0,50.0,142.85714285714286,3.0,3.0,3.0,33.33333333333333,22.22222222222222,2.6666666666666665,2.1666666666666665,1.75,3.6666666666666665,2.8
514,46.0,9.0,40.38461538461539,1.0,48.0,120.0,2.0,5.0,3.6831683168316833,25.862068965517242,48.275862068965516,3.6666666666666665,3.6666666666666665,3.25,4.0,4.2
515,51.0,9.0,34.61538461538461,1.0,60.0,150.0,1.0,4.0,5.0,59.94199162101192,14.98549790525298,1.6666666666666667,1.8333333333333333,2.5,4.0,2.8
516,55.0,9.0,62.30769230769231,1.0,40.0,100.0,2.0,4.0,3.0,40.0,20.0,4.5,3.6666666666666665,3.0,4.0,4.6
517,55.0,9.0,57.69230769230769,6.0,40.0,100.0,2.0,5.0,2.0,30.0,10.0,4.666666666666667,4.333333333333333,5.0,5.0,5.0
518,47.0,9.0,43.62692307692308,2.0,60.0,150.0,2.0,3.0,4.0,16.666666666666664,10.0,3.1666666666666665,1.3333333333333333,1.25,4.0,1.6
519,64.0,9.0,79.03846153846153,6.0,40.0,100.0,2.0,4.0,3.0,61.53846153846154,3.8461538461538463,4.5,4.166666666666667,3.0,4.0,5.0
520,46.0,9.0,29.670329670329675,1.0,50.0,142.85714285714286,2.0,4.0,4.0,50.0,20.0,3.1666666666666665,3.5,2.5,4.333333333333333,4.0
521,59.0,9.0,40.38461538461539,6.0,60.0,150.0,2.0,2.0,4.0,54.54545454545454,9.090909090909092,4.166666666666667,4.0,4.5,4.666666666666667,4.4
522,52.0,9.0,46.15384615384615,1.0,55.0,137.5,2.0,5.0,4.0,50.0,16.666666666666664,3.6666666666666665,2.3333333333333335,4.5,3.6666666666666665,3.8
523,47.0,9.0,41.10576923076923,1.0,40.0,100.0,3.0,4.0,2.0,50.0,25.0,2.8333333333333335,4.166666666666667,5.0,5.0,3.4
524,84.0,9.0,106.43888510797046,6.0,48.24444444444445,128.64340233090232,2.0,4.0,3.0,37.5,37.5,4.166666666666667,4.333333333333333,5.0,5.0,4.4
525,63.0,9.0,106.43888510797046,1.0,80.0,200.0,2.0,4.0,5.0,50.0,37.5,2.3333333333333335,3.5,2.25,4.333333333333333,3.0
526,64.0,9.0,106.43888510797046,1.0,48.24444444444445,128.64340233090232,2.0,4.0,3.0,40.20586721564591,8.615542974781265,3.6377551020408165,4.0,3.7682291666666665,4.0,4.0
527,58.0,9.0,106.43888510797046,1.0,48.24444444444445,128.64340233090232,2.0,4.0,4.0,33.33333333333333,50.0,3.8333333333333335,4.5,4.0,4.333333333333333,4.0
528,44.0,9.0,106.43888510797046,1.0,90.0,225.0,2.0,4.0,4.0,15.584415584415584,32.467532467532465,2.8333333333333335,3.3333333333333335,4.25,4.0,3.8
529,57.0,9.0,46.15384615384615,1.0,60.0,150.0,2.0,3.0,3.0,29.411764705882355,58.82352941176471,3.1666666666666665,3.6666666666666665,1.75,3.6666666666666665,3.8
530,72.0,9.0,106.43888510797046,1.0,55.0,137.5,2.0,4.0,4.0,21.818181818181817,14.545454545454545,4.0,4.0,3.5,5.0,4.4
531,41.0,9.0,43.26923076923077,1.0,48.24444444444445,128.64340233090232,2.0,4.0,3.0,14.634146341463413,48.78048780487805,3.1666666666666665,3.6666666666666665,2.75,3.6666666666666665,4.0
532,44.0,9.0,357.69230769230774,1.0,60.0,150.0,1.0,1.0,1.0,41.66666666666667,46.666666666666664,1.8333333333333333,2.3333333333333335,1.0,2.3333333333333335,2.4
533,49.0,9.0,46.15384615384615,1.0,55.0,137.5,2.0,4.0,4.0,44.44444444444444,11.11111111111111,4.0,2.3333333333333335,5.0,4.666666666666667,3.6
534,53.0,9.0,106.43888510797046,1.0,55.0,137.5,2.0,5.0,3.0,20.0,40.0,2.6666666666666665,3.6666666666666665,3.5,4.333333333333333,3.6
535,40.0,9.0,69.23076923076923,2.0,22.0,100.0,1.0,2.0,3.0,92.3076923076923,0.0,3.7738435374149657,4.666666666666667,4.75,5.0,4.6
536,56.0,9.0,106.43888510797046,1.0,48.24444444444445,128.64340233090232,2.0,4.0,5.0,7.6923076923076925,30.76923076923077,3.6666666666666665,3.8333333333333335,3.75,2.3333333333333335,3.2
537,45.0,9.0,40.38461538461539,1.0,48.24444444444445,128.64340233090232,1.0,3.0,3.0,69.23076923076923,7.6923076923076925,2.5,4.0,1.75,3.6666666666666665,3.2
538,31.0,9.0,16.99846153846154,1.0,30.0,150.0,2.0,4.0,4.0,90.9090909090909,0.0,3.0,4.166666666666667,2.5,4.0,2.4
539,46.0,9.0,40.38461538461539,1.0,55.0,137.5,3.0,3.0,5.0,36.36363636363637,18.181818181818183,2.0,3.0,1.75,5.0,2.4
540,46.0,9.0,35.604395604395606,1.0,45.0,128.57142857142858,2.0,3.0,5.0,50.0,5.0,2.8333333333333335,2.6666666666666665,2.5,2.6666666666666665,3.4
541,62.0,9.0,403.84615384615387,1.0,60.0,150.0,2.0,4.0,3.0,26.973896229455363,26.973896229455363,3.8333333333333335,4.5,4.0,4.0,4.6
542,61.0,9.0,72.11538461538461,6.0,17.5,109.375,2.0,3.0,4.0,86.95652173913044,8.695652173913043,2.8333333333333335,3.6666666666666665,3.75,3.0,3.2
543,63.0,9.0,673.0769230769231,1.0,22.0,183.3333333333333,1.0,2.0,4.0,37.94952848731003,12.649842829103344,2.1666666666666665,3.6666666666666665,2.5,3.6666666666666665,2.6
544,54.0,9.0,36.92307692307692,2.0,20.0,100.0,1.0,4.0,3.0,53.333333333333336,26.666666666666668,4.0,4.0,4.0,4.0,4.0
545,65.0,9.0,40.38461538461539,2.0,48.24444444444445,128.64340233090232,1.0,1.0,3.0,7.6923076923076925,0.0,2.8333333333333335,4.166666666666667,2.5,3.0,4.0
546,49.0,9.0,69.23076923076923,6.0,50.0,125.0,2.0,2.0,3.0,20.0,20.0,4.166666666666667,3.0,3.0,3.6666666666666665,4.4
547,63.0,9.0,103.84615384615385,1.0,60.0,150.0,2.0,3.0,4.0,6.666666666666667,50.0,3.6666666666666665,2.5,1.0,2.6666666666666665,4.4
548,61.0,9.0,653.8461538461539,1.0,60.0,200.0,2.0,4.0,5.0,33.33333333333333,16.666666666666664,3.5,4.5,3.75,4.0,4.4
549,55.0,9.0,106.43888510797046,6.0,60.0,150.0,2.0,5.0,4.0,25.0,16.666666666666664,4.166666666666667,4.333333333333333,3.75,4.0,4.0
550,56.0,9.0,51.92307692307693,6.0,50.0,125.0,2.0,5.0,4.0,40.0,8.0,4.0,5.0,1.0,5.0,4.8
551,58.0,9.0,750.0,1.0,50.0,125.0,2.0,3.0,3.0,20.0,30.0,5.0,4.5,3.25,3.6666666666666665,4.4
552,47.0,9.0,27.69230769230769,1.0,48.24444444444445,128.64340233090232,1.0,3.0,5.0,64.19696272434422,8.559595029912563,3.9405102040816327,4.833333333333333,3.5,5.0,4.8
553,52.0,9.0,27.69230769230769,1.0,60.0,150.0,2.0,5.0,3.0,33.33333333333333,8.333333333333332,3.8333333333333335,3.5,2.0,5.0,4.4
554,66.0,9.0,106.43888510797046,6.0,48.24444444444445,128.64340233090232,1.0,1.0,5.0,100.0,0.0,4.166666666666667,5.0,3.75,5.0,5.0
555,58.0,9.0,57.69230769230769,1.0,40.0,100.0,2.0,5.0,4.0,37.5,25.0,4.333333333333333,4.333333333333333,4.0,4.0,4.4
556,63.0,9.0,106.43888510797046,6.0,40.0,100.0,3.0,1.0,3.0,20.0,62.5,3.1666666666666665,4.0,2.0,2.6666666666666665,3.4
557,42.0,9.0,21.923076923076923,2.0,40.0,100.0,3.0,2.0,4.0,8.88888888888889,44.44444444444444,2.1666666666666665,3.1666666666666665,3.5,1.6666666666666667,3.6
558,62.0,9.0,80.76923076923077,1.0,60.0,150.0,2.0,5.0,5.0,16.666666666666664,25.0,4.5,3.5,4.0,5.0,4.8
559,70.0,9.0,57.69230769230769,6.0,70.0,175.0,2.0,3.0,4.0,79.13669064748201,10.79136690647482,4.5,3.8333333333333335,5.0,4.333333333333333,4.8
560,54.0,9.0,106.43888510797046,1.0,55.0,137.5,2.0,5.0,4.0,18.181818181818183,36.36363636363637,4.333333333333333,4.0,4.5,5.0,5.0
561,37.0,9.0,51.92307692307693,1.0,40.0,100.0,3.0,4.0,3.0,37.5,35.0,3.8333333333333335,3.8333333333333335,2.25,3.3333333333333335,4.2
562,61.0,9.0,106.43888510797046,1.0,55.0,137.5,3.0,4.0,4.0,25.925925925925924,29.629629629629626,4.333333333333333,3.8333333333333335,3.0,4.333333333333333,4.0
563,50.0,9.0,30.0,1.0,60.0,150.0,2.0,4.0,2.0,33.33333333333333,16.666666666666664,4.333333333333333,5.0,2.75,3.0,4.8
564,42.0,9.0,106.43888510797046,1.0,40.0,100.0,2.0,3.0,3.0,32.09848136217211,42.79797514956281,3.8333333333333335,4.166666666666667,1.0,2.3333333333333335,3.6
565,63.0,9.0,51.92307692307693,6.0,9.0,22.5,2.0,5.0,4.0,17.5,12.5,4.333333333333333,4.166666666666667,4.25,5.0,4.8
566,60.0,9.0,43.26923076923077,1.0,50.0,125.0,2.0,3.0,5.0,27.27272727272727,36.36363636363637,2.8333333333333335,2.0,1.5,2.0,2.4
567,48.0,9.0,13.846153846153845,2.0,5.0,100.0,1.0,1.0,1.0,45.45454545454545,45.45454545454545,5.0,5.0,5.0,5.0,5.0
568,64.0,9.0,39.80769230769231,6.0,50.0,125.0,2.0,4.0,2.0,24.0,30.0,4.333333333333333,3.3333333333333335,4.25,5.0,4.2
569,45.0,9.0,40.38461538461539,1.0,60.0,150.0,2.0,3.0,4.0,33.33333333333333,16.666666666666664,3.5,4.333333333333333,3.5,5.0,4.6
570,40.0,9.0,634.6153846153845,1.0,40.0,100.0,2.0,3.0,5.0,37.5,50.0,3.3333333333333335,3.8333333333333335,3.75,3.6666666666666665,4.0
571,57.0,9.0,43.26923076923077,1.0,55.0,137.5,3.0,3.0,5.0,72.72727272727273,9.090909090909092,4.0,4.166666666666667,2.8594217042877754,4.0,3.8
572,43.0,9.0,40.96153846153847,1.0,40.0,100.0,2.0,3.0,4.0,65.0,20.0,3.1666666666666665,3.3333333333333335,5.0,4.0,2.8
573,46.0,9.0,106.43888510797046,3.0,45.0,100.0,2.0,4.0,3.0,44.44444444444444,33.33333333333333,4.47108843537415,5.0,3.2344217042877754,5.0,4.6
574,64.0,9.0,51.92307692307693,1.0,55.0,137.5,2.0,3.0,3.0,9.615384615384617,48.07692307692308,3.6666666666666665,3.6666666666666665,3.0,3.3333333333333335,3.6
575,63.0,9.0,40.38461538461539,3.0,50.0,125.0,1.0,5.0,5.0,50.0,20.0,4.333333333333333,4.333333333333333,3.5,4.333333333333333,5.0
576,62.0,9.0,106.43888510797046,6.0,60.0,150.0,2.0,2.0,5.0,25.71428571428571,17.142857142857142,2.6666666666666665,2.8333333333333335,3.5,4.333333333333333,3.386
577,59.0,9.0,34.61538461538461,1.0,50.0,125.0,2.0,4.0,5.0,30.0,20.0,3.6666666666666665,3.5,3.5,4.0,4.2
578,55.0,9.0,40.38461538461539,1.0,70.0,175.0,2.0,2.0,3.0,25.0,25.0,3.5,2.5,2.0,3.3333333333333335,4.0
579,53.0,9.0,40.38461538461539,1.0,60.0,150.0,2.0,2.0,4.0,46.15384615384615,15.384615384615385,3.6666666666666665,2.1666666666666665,2.25,4.666666666666667,3.4
580,44.0,9.0,47.88461538461539,1.0,50.0,125.0,2.0,5.0,4.0,30.0,40.0,4.333333333333333,3.1666666666666665,1.5,4.333333333333333,4.2
581,58.0,9.0,106.43888510797046,6.0,48.24444444444445,128.64340233090232,1.0,3.0,5.0,28.57142857142857,28.57142857142857,2.5,2.3333333333333335,3.5,3.3333333333333335,2.2
582,44.0,9.0,46.15384615384615,1.0,45.0,112.5,1.0,2.0,4.0,14.893617021276595,10.638297872340425,3.3333333333333335,4.5,3.75,1.6666666666666667,4.8
583,62.0,9.0,51.92307692307693,1.0,60.0,150.0,1.0,1.0,3.0,50.0,33.33333333333333,3.1666666666666665,1.1666666666666667,3.2344217042877754,3.3102310231023098,3.186
584,64.0,9.0,106.43888510797046,6.0,50.0,125.0,3.0,5.0,4.0,48.54368932038835,29.126213592233007,4.5,3.8333333333333335,4.268229166666666,4.333333333333333,4.2
585,63.0,9.0,50.19230769230769,6.0,40.0,100.0,2.0,5.0,5.0,34.11736005003879,20.282770549748065,4.108843537414966,4.666666666666667,5.0,5.0,5.0
586,54.0,9.0,34.61538461538461,1.0,55.0,137.5,2.0,4.0,5.0,28.000000000000004,52.0,4.833333333333333,4.0,2.25,4.333333333333333,4.2
587,46.0,9.0,42.40384615384615,1.0,50.0,125.0,2.0,4.0,4.0,33.33333333333333,33.33333333333333,4.666666666666667,4.5,4.5,4.333333333333333,4.8
588,58.0,9.0,576.9230769230769,1.0,50.0,125.0,2.0,2.0,2.0,44.44444444444444,11.11111111111111,3.8333333333333335,3.5,3.5,3.0,4.0
589,46.0,9.0,40.38461538461539,1.0,40.0,100.0,3.0,2.0,3.0,33.33333333333333,16.666666666666664,2.8333333333333335,3.1666666666666665,3.0462903911564623,4.333333333333333,4.0
590,61.0,9.0,46.15384615384615,1.0,50.0,125.0,2.0,3.0,4.0,10.0,4.0,3.6666666666666665,3.5,3.75,3.3333333333333335,4.2
591,57.0,9.0,62.88461538461538,1.0,50.0,125.0,2.0,2.0,4.0,16.0,16.0,4.166666666666667,3.0,3.25,3.3333333333333335,4.0
592,69.0,9.0,106.43888510797046,6.0,60.0,150.0,2.0,1.0,1.0,50.0,25.0,2.6666666666666665,2.3333333333333335,2.25,1.0,2.2
593,42.0,9.0,28.846153846153847,1.0,52.5,131.25,2.0,3.0,4.0,34.48275862068966,34.48275862068966,4.5,4.0,3.75,5.0,4.8
594,27.0,2.0,18.907499999999995,3.0,35.0,116.66666666666669,1.0,2.0,5.0,0.0,83.33333333333334,4.333333333333333,1.6666666666666667,1.75,2.0,2.6
595,27.0,2.0,22.06153846153846,3.0,30.0,100.0,1.0,1.0,3.0,0.0,83.33333333333334,3.5,4.166666666666667,3.75,4.333333333333333,3.0
596,31.0,2.0,12.923076923076923,1.0,40.0,100.0,3.0,2.0,4.0,0.0,75.75757575757575,4.333333333333333,4.166666666666667,4.25,5.0,4.6
