,Age,Current_position,Salary,Actual_hrs,Effort,Policy_influence,Teaching_percent,Research_percent,Academic_Resources,Perceived_Autonomy,Job_satisfaction
0,28.0,3.0,9.613782318331559,50.0,125.0,1.0,10.0,57.99999999999999,3.1666666666666665,1.8333333333333333,2.2
1,33.0,3.0,4.326923076923077,50.0,125.0,1.0,10.0,60.0,3.0,1.5,2.4
2,30.0,3.0,8.213534923666568,40.0,100.0,2.0,47.050683272790174,23.525341636395087,2.3333333333333335,3.8333333333333335,2.8
3,39.0,4.0,9.613782318331559,40.0,100.0,2.0,64.07766990291263,19.41747572815534,4.0,4.5,2.8
4,44.0,4.0,13.699639803622475,40.0,100.0,5.0,50.0,5.0,3.1666666666666665,3.3333333333333335,3.6
5,58.0,4.0,8.652404086498404,20.0,100.0,3.0,33.28733094120894,11.09577698040298,3.1153246121777785,4.166666666666667,3.6
6,34.0,4.0,7.210336738748668,40.0,100.0,1.0,0.0,100.0,2.0,1.0,1.4
7,42.0,4.0,18.025841846871675,40.0,100.0,2.0,20.0,40.0,4.166666666666667,2.6666666666666665,4.2
8,33.0,4.0,14.420673477497337,40.0,100.0,3.0,33.33333333333333,33.33333333333333,2.1666666666666665,1.5,2.2
9,35.0,4.0,21.631010216246008,40.0,100.0,1.0,25.0,25.0,3.5,3.8333333333333335,4.0
10,47.0,4.0,9.85412687628985,60.0,150.0,1.0,50.0,50.0,2.1666666666666665,2.3333333333333335,2.6
11,25.0,4.0,13.218950687705894,40.0,100.0,4.0,28.947368421052634,55.26315789473685,3.8333333333333335,4.166666666666667,3.8
12,40.0,4.0,6.96999218079038,40.0,100.0,2.0,48.763709236875066,25.762586447681844,2.5,2.8333333333333335,2.6
13,42.0,5.0,5.192307692307692,40.0,100.0,2.0,25.0,50.0,1.3333333333333333,3.8333333333333335,1.8
14,48.0,5.0,18.506530962788254,55.0,137.5,1.0,29.09090909090909,67.27272727272727,2.3333333333333335,2.3333333333333335,1.8
15,48.0,5.0,15.141707151372207,40.0,100.0,1.0,20.0,80.0,2.8333333333333335,2.6666666666666665,3.4
21,55.0,6.0,21.631010216246008,60.0,150.0,3.0,28.57142857142857,42.857142857142854,3.6666666666666665,3.0,3.2
22,44.0,4.0,13.93998436158076,50.0,125.0,2.0,12.0,40.0,3.1666666666666665,3.3333333333333335,2.6
38,30.0,3.0,11.055849666081293,50.0,125.0,1.0,3.1914893617021276,95.74468085106383,4.0,3.1666666666666665,3.2
39,32.0,3.0,6.248958506915514,35.0,175.0,1.0,0.0,94.28571428571428,3.1666666666666665,2.8333333333333335,2.2
320,37.0,4.0,8.53223180751926,50.0,125.0,4.0,64.15094339622641,16.9811320754717,3.3333333333333335,3.5,3.6
321,70.0,6.0,12.017227897914449,40.0,100.0,2.0,20.0,50.0,2.9418604651162794,3.1666666666666665,2.786046511627907
322,55.0,6.0,16.824119057080228,55.0,137.5,5.0,46.15384615384615,30.76923076923077,3.6666666666666665,3.8333333333333335,4.4
323,34.0,4.0,11.536538781997873,40.0,100.0,3.0,37.5,20.0,3.5,3.6666666666666665,2.6
325,67.0,6.0,14.420673477497337,40.0,100.0,5.0,50.0,25.0,4.166666666666667,4.666666666666667,4.2
327,45.0,5.0,13.218950687705894,40.0,100.0,4.0,40.0,40.0,3.8333333333333335,3.8333333333333335,4.0
328,50.0,4.0,14.420673477497337,20.0,100.0,1.0,41.66666666666667,27.77777777777778,2.5,3.1666666666666665,2.8
329,32.0,4.0,14.420673477497337,70.0,175.0,3.0,21.428571428571427,57.14285714285714,1.5,3.5,2.2
331,36.0,4.0,9.373437760373271,50.0,125.0,3.0,60.0,20.0,3.5,3.5,2.6
332,44.0,4.0,8.652404086498404,40.0,100.0,1.0,45.0,50.0,2.5,2.3333333333333335,1.6
333,41.0,4.0,8.652404086498404,60.0,150.0,4.0,41.66666666666667,25.0,2.1666666666666665,4.0,1.8
334,57.0,5.0,13.218950687705894,40.0,100.0,3.0,28.57142857142857,28.57142857142857,2.8333333333333335,2.3333333333333335,2.2
335,47.0,4.0,13.352341917372744,40.0,100.0,2.0,37.5,37.5,3.8333333333333335,4.333333333333333,3.2
336,48.0,4.0,11.055849666081293,40.0,100.0,4.0,50.0,10.0,2.8333333333333335,3.8333333333333335,2.8
338,51.0,5.0,15.622396267288783,50.0,125.0,4.0,12.0,6.0,2.8333333333333335,3.0,2.4
339,46.0,5.0,13.699639803622475,65.0,162.5,4.0,23.61111111111111,48.61111111111111,3.6666666666666665,3.6666666666666665,4.2
341,37.0,3.0,7.210336738748668,40.0,100.0,4.0,57.14285714285714,42.857142857142854,1.8333333333333333,4.0,2.4
342,56.0,6.0,10.815505108123004,50.0,125.0,4.0,36.0,38.0,2.8333333333333335,4.0,3.2
343,45.0,5.0,20.429287426454565,70.0,175.0,4.0,14.285714285714285,57.14285714285714,3.8333333333333335,3.6666666666666665,4.0
344,41.0,4.0,9.613782318331559,25.0,125.0,2.0,60.0,8.0,4.0,4.166666666666667,3.2
345,66.0,5.0,16.439567764346965,50.0,100.0,3.0,50.0,25.0,3.6666666666666665,4.0,4.6
346,50.0,5.0,10.094471434248138,45.0,112.5,4.0,72.3404255319149,4.25531914893617,2.1666666666666665,2.8333333333333335,2.0
347,52.0,5.0,14.420673477497337,40.0,100.0,2.0,40.0,55.00000000000001,2.6666666666666665,1.8333333333333333,3.0
348,49.0,4.0,7.210336738748668,40.0,100.0,2.0,66.66666666666666,11.11111111111111,3.1666666666666665,2.3333333333333335,2.4
349,45.0,4.0,7.210336738748668,60.0,150.0,3.0,25.0,33.33333333333333,4.166666666666667,4.5,3.2
350,59.0,4.0,9.133093202414981,25.0,62.5,2.0,89.28571428571429,7.142857142857142,2.6666666666666665,3.1666666666666665,2.4
351,49.0,4.0,7.691025854665247,40.0,100.0,3.0,45.0,45.0,2.0,3.8333333333333335,3.2
352,44.0,4.0,9.613782318331559,50.0,125.0,2.0,40.0,40.0,2.3333333333333335,2.8333333333333335,2.0
353,60.0,6.0,11.216079371386819,60.0,100.0,4.0,33.33333333333333,33.33333333333333,3.5,4.666666666666667,3.2
354,49.0,4.0,10.815505108123004,60.0,150.0,5.0,25.0,33.33333333333333,2.0,2.1666666666666665,1.8
355,31.0,3.0,7.210336738748668,40.0,100.0,1.0,78.94736842105263,7.894736842105263,3.1666666666666665,4.833333333333333,4.0
356,52.0,6.0,14.020099214233523,65.0,135.41666666666669,3.0,21.428571428571427,42.857142857142854,4.833333333333333,4.166666666666667,4.6
357,46.0,4.0,10.815505108123004,40.0,100.0,3.0,37.5,45.0,4.166666666666667,3.8333333333333335,3.2
358,44.0,4.0,7.546819119890276,30.0,150.0,1.0,90.0,0.0,1.6666666666666667,2.1666666666666665,1.8
359,38.0,4.0,5.768269390998936,20.0,100.0,4.0,40.0,20.0,2.1666666666666665,2.6666666666666665,1.4
360,38.0,4.0,18.025841846871675,40.0,100.0,2.0,37.234042553191486,47.87234042553192,4.5,4.166666666666667,4.8
362,32.0,3.0,9.613782318331559,20.0,100.0,2.0,80.0,20.0,3.234285341679708,4.5,2.0
363,47.0,3.0,7.210336738748668,20.0,100.0,1.0,100.0,0.0,2.5,2.0,2.4
364,42.0,4.0,7.691025854665247,40.0,100.0,3.0,50.0,25.0,2.7138752052545154,4.0,2.6
365,40.0,5.0,9.85412687628985,50.0,125.0,3.0,41.66666666666667,37.5,2.6666666666666665,2.3333333333333335,2.2
366,43.0,4.0,13.218950687705894,40.0,100.0,4.0,32.5,25.0,2.0,3.1666666666666665,2.2
367,60.0,5.0,11.055849666081293,50.0,125.0,1.0,54.54545454545454,18.181818181818183,2.6666666666666665,2.6666666666666665,1.6
368,46.0,5.0,9.934241728942613,60.0,100.0,5.0,50.0,13.333333333333334,2.1666666666666665,2.5,2.2
369,43.0,5.0,12.017227897914449,60.0,150.0,3.0,43.333333333333336,16.666666666666664,3.5,4.0,3.6
370,38.0,4.0,7.21033673874867,28.0,100.0,2.0,44.44444444444444,22.22222222222222,3.3333333333333335,4.5,3.2
371,59.0,5.0,7.210336738748668,40.0,100.0,2.0,63.829787234042556,21.27659574468085,2.1666666666666665,1.3333333333333333,1.8
372,35.0,5.0,8.412059528540114,60.0,150.0,3.0,16.666666666666664,16.666666666666664,2.8333333333333335,2.3333333333333335,3.0
373,47.0,4.0,6.729647622832092,40.0,100.0,2.0,62.5,35.0,3.3333333333333335,3.1666666666666665,2.6
375,49.0,5.0,21.631010216246008,40.0,100.0,5.0,30.0,25.0,4.166666666666667,4.0,5.0
377,37.0,3.0,14.420673477497337,48.0,120.0,4.0,22.22222222222222,66.66666666666666,4.0,4.0,3.8
378,42.0,4.0,12.257572455872738,40.0,100.0,1.0,48.78048780487805,48.78048780487805,2.1666666666666665,2.0,1.6
379,61.0,4.0,13.218950687705894,40.0,100.0,3.0,50.0,12.5,3.8333333333333335,5.0,4.8
380,65.0,4.0,8.412059528540114,50.0,125.0,4.0,50.0,30.0,2.3333333333333335,3.1666666666666665,3.0
381,46.0,4.0,8.652404086498404,40.0,100.0,4.0,65.0,10.0,3.1666666666666665,3.3333333333333335,3.6
382,46.0,5.0,10.815505108123004,40.0,100.0,3.0,50.0,25.0,3.1666666666666665,2.3333333333333335,2.6
383,45.0,4.0,10.815505108123004,40.0,100.0,3.0,45.0,42.5,3.3333333333333335,2.6666666666666665,3.2
384,62.0,4.0,7.210336738748668,40.0,100.0,3.0,50.0,25.0,2.5,3.5,3.2
385,44.0,4.0,8.29188724956097,40.0,100.0,4.0,75.0,10.0,2.6666666666666665,2.6666666666666665,2.8
386,42.0,4.0,9.613782318331559,60.0,150.0,1.0,50.0,33.33333333333333,4.666666666666667,4.0,4.4
387,41.0,4.0,7.210336738748668,40.0,100.0,3.0,12.5,62.5,2.8333333333333335,3.3333333333333335,2.8
389,36.0,4.0,6.008613948957224,70.0,175.0,4.0,28.57142857142857,28.57142857142857,3.5,3.6666666666666665,3.2
390,57.0,5.0,8.0114852652763,60.0,100.0,4.0,33.33333333333333,61.66666666666667,3.5,4.0,3.4
391,35.0,3.0,7.691025854665247,30.0,150.0,4.0,63.33333333333333,30.0,1.8333333333333333,3.8333333333333335,3.0
392,52.0,4.0,8.652404086498404,26.0,130.0,2.0,86.95652173913044,8.695652173913043,4.0,3.3333333333333335,3.6
393,63.0,5.0,16.824119057080228,40.0,100.0,5.0,40.0,40.0,3.6666666666666665,4.166666666666667,3.4
394,73.0,6.0,11.536538781997873,20.0,100.0,4.0,50.0,15.0,3.6666666666666665,3.3333333333333335,3.2
395,43.0,4.0,7.546819119890276,50.0,125.0,4.0,32.0,12.0,2.3333333333333335,2.1666666666666665,2.0
397,38.0,4.0,8.892748644456693,52.0,130.0,3.0,30.303030303030305,40.4040404040404,2.5,3.1666666666666665,2.4
398,39.0,4.0,7.691025854665247,30.0,150.0,2.0,50.0,43.333333333333336,3.1666666666666665,3.6666666666666665,2.8
400,43.0,4.0,7.210336738748668,60.0,150.0,4.0,66.66666666666666,16.666666666666664,3.0,2.8333333333333335,2.8
401,45.0,5.0,10.815505108123004,60.0,150.0,4.0,20.0,20.0,2.6666666666666665,3.1666666666666665,3.0
402,53.0,5.0,9.68107879455988,36.0,180.0,2.9645390070921986,41.66666666666667,50.0,3.5,3.3333333333333335,2.8
403,75.0,5.0,8.412059528540114,40.0,100.0,3.0,25.208708462923557,33.54067768865608,2.3333333333333335,4.333333333333333,2.6
405,45.0,5.0,8.412059528540114,54.0,135.0,4.0,37.03703703703704,27.77777777777778,2.0,2.5,2.0
406,44.0,4.0,9.613782318331559,40.0,100.0,2.0,60.0,35.0,2.8333333333333335,3.6666666666666665,2.8
407,40.0,4.0,9.613782318331559,50.0,125.0,2.0,32.0,56.00000000000001,3.8333333333333335,3.562091503267974,3.6
408,51.0,5.0,7.210336738748668,40.0,100.0,3.0,50.0,12.5,2.6666666666666665,2.5,2.6
410,46.0,5.0,11.536538781997873,20.0,100.0,2.0,70.0,10.0,3.0,2.5,3.0
411,51.0,4.0,8.412059528540114,65.0,162.5,5.0,33.89830508474576,33.89830508474576,2.0,2.3333333333333335,2.0
412,43.0,4.0,6.409188212221039,24.0,100.0,2.0,66.66666666666666,8.333333333333332,2.6666666666666665,3.5,3.024938875305623
413,55.0,5.0,9.613782318331559,40.0,100.0,4.0,54.054054054054056,40.54054054054054,3.3262411347517733,3.0,3.4
414,53.0,4.0,7.8111981336443925,16.0,100.0,2.0,100.0,0.0,1.5,3.0,1.6
415,35.0,4.0,13.218950687705894,40.0,100.0,1.0,42.294600160012976,29.015378157422273,3.443933067053982,3.3019170421689643,3.8599748307065385
416,31.0,3.0,8.412059528540114,40.0,100.0,2.0,45.0,40.0,3.3333333333333335,3.6666666666666665,3.8
417,36.0,4.0,16.824119057080228,40.0,100.0,2.0,20.0,20.0,3.5,3.0,3.0
418,46.0,4.0,7.691025854665247,70.0,175.0,3.0,78.43137254901961,0.0,2.0,3.0,2.6
419,29.0,3.0,7.210336738748668,20.0,100.0,1.0,65.0,15.0,4.5,4.333333333333333,4.4
420,30.0,3.0,7.9313704126235365,45.0,112.5,1.0,59.57446808510638,10.638297872340425,2.6666666666666665,3.0,2.8
421,31.0,4.0,8.171714970581826,50.0,125.0,3.0,10.0,40.0,2.6666666666666665,3.6666666666666665,2.6
423,56.0,5.0,13.459295245664183,40.0,100.0,2.0,50.0,37.5,4.333333333333333,4.666666666666667,4.8
424,44.0,4.0,10.334815992206426,45.0,112.5,1.0,44.44444444444444,37.77777777777778,4.5,3.3333333333333335,3.4
426,39.0,4.0,11.296194224039583,60.0,150.0,1.0,10.0,66.66666666666666,3.3333333333333335,2.5,2.8
427,59.0,5.0,9.613782318331559,40.0,100.0,1.0,62.5,10.416666666666668,2.3333333333333335,2.0,2.2
428,49.0,4.0,7.450681296706959,50.0,125.0,2.0,74.46808510638297,0.0,2.5,3.1666666666666665,2.8
429,46.0,5.0,10.815505108123004,40.0,100.0,5.0,47.368421052631575,10.526315789473683,3.0,3.1666666666666665,3.2
430,38.0,4.0,7.9313704126235365,40.0,100.0,1.0,95.0,5.0,2.5,4.0,1.8
431,35.0,4.0,12.017227897914449,50.0,125.0,2.0,40.0,50.0,4.0,4.166666666666667,3.6
432,34.0,4.0,7.9313704126235365,48.0,120.0,1.0,54.166666666666664,25.0,4.0,3.6666666666666665,3.8
433,56.0,6.0,14.420673477497337,40.0,100.0,5.0,37.5,22.5,3.6666666666666665,4.166666666666667,4.2
434,45.0,5.0,22.832733006037454,50.0,125.0,5.0,20.0,40.0,4.333333333333333,4.666666666666667,4.6
435,48.0,4.0,12.017227897914449,60.0,150.0,2.0,57.14285714285714,14.285714285714285,3.3333333333333335,2.1666666666666665,3.0
436,53.0,5.0,16.824119057080228,45.0,112.5,4.0,11.11111111111111,55.55555555555556,4.333333333333333,4.166666666666667,4.2
437,31.0,4.0,6.729647622832092,20.0,100.0,2.0,50.0,40.0,2.8333333333333335,2.5,3.2
439,40.0,4.0,7.21033673874867,12.0,150.0,1.0,48.484848484848484,30.303030303030305,3.0,3.0,2.8
440,41.0,5.0,13.93998436158076,50.0,125.0,5.0,50.0,20.0,4.0,3.8333333333333335,3.8
441,55.0,4.0,10.815505108123004,40.0,100.0,1.0,20.0,40.0,4.333333333333333,3.5,3.4
442,67.0,4.0,12.017227897914449,20.0,100.0,2.0,50.0,0.0,2.8333333333333335,1.8333333333333333,2.4
443,43.0,5.0,12.257572455872738,45.0,112.5,1.0,26.666666666666668,28.888888888888886,3.8333333333333335,2.6666666666666665,4.0
444,46.0,4.0,6.309044646405086,32.0,100.0,1.0,75.0,10.714285714285714,3.0,2.0,2.2
445,39.0,4.0,8.315921705356798,40.0,100.0,1.0,37.5,25.0,3.0,3.1666666666666665,2.6
446,69.0,3.0,7.210336738748668,40.0,100.0,2.0,76.92307692307693,0.0,3.5,3.6666666666666665,3.0
447,42.0,4.0,8.652404086498404,40.0,100.0,1.0,57.14285714285714,33.33333333333333,3.0,2.3333333333333335,3.6
448,44.0,4.0,8.412059528540114,40.0,100.0,2.0,75.0,10.0,1.6666666666666667,2.1666666666666665,1.4
449,33.0,3.0,7.090164459769525,40.0,100.0,1.0,53.84615384615385,28.846153846153843,3.3333333333333335,2.1666666666666665,3.2
450,42.0,5.0,10.815505108123004,40.0,100.0,3.0,50.0,20.0,3.5,2.5,3.4
451,47.0,5.0,11.77688333995616,50.0,125.0,4.0,37.5,25.0,3.1666666666666665,2.3333333333333335,4.2
452,52.0,5.0,9.85412687628985,40.0,100.0,1.0,29.268292682926827,58.536585365853654,3.1666666666666665,4.333333333333333,2.6
453,42.0,3.0,6.729647622832092,40.0,100.0,3.0,62.5,25.0,2.1666666666666665,3.5,3.0
454,41.0,4.0,12.017227897914449,50.0,125.0,2.0,48.837209302325576,20.930232558139537,2.8333333333333335,3.8333333333333335,3.2
455,75.0,6.0,15.02153487239306,24.0,150.0,2.0,25.0,50.0,4.166666666666667,4.166666666666667,4.0
456,45.0,4.0,9.613782318331559,40.0,100.0,1.0,71.42857142857143,23.809523809523807,3.8333333333333335,2.1666666666666665,3.6
457,60.0,5.0,12.017227897914449,40.0,100.0,4.0,50.0,12.5,3.3333333333333335,4.0,4.8
458,32.0,4.0,9.613782318331559,40.0,100.0,3.0,5.0,62.5,3.6666666666666665,3.6577235772357723,2.8
459,59.0,6.0,20.909976542371144,52.0,130.0,3.0,31.372549019607842,39.21568627450981,4.0,3.5,4.0
460,36.0,4.0,8.53223180751926,40.0,100.0,3.0,25.0,62.5,3.0,3.3333333333333335,3.0
461,36.0,4.0,10.575160550164716,50.0,125.0,3.0,40.0,30.0,3.1666666666666665,3.5,3.8
462,29.0,4.0,8.652404086498404,20.0,100.0,1.0,40.0,40.0,3.6666666666666665,3.6666666666666665,3.2
464,46.0,4.0,9.613782318331559,40.0,100.0,2.0,87.5,12.5,2.5,3.1666666666666665,2.8
465,49.0,5.0,9.373437760373271,40.0,100.0,1.0,62.5,25.0,2.5,2.6666666666666665,1.4
466,41.0,4.0,8.412059528540114,50.0,125.0,3.0,76.92307692307693,19.230769230769234,3.1666666666666665,3.6666666666666665,2.6
467,26.0,3.0,7.210336738748668,40.0,100.0,2.0,45.0,37.5,3.8333333333333335,3.0,2.8
468,65.0,5.0,11.77688333995616,40.0,100.0,2.0,67.41573033707866,28.08988764044944,3.5330969267139483,4.166666666666667,4.466666666666667
469,43.0,4.0,9.133093202414981,48.0,120.0,3.0,62.5,20.833333333333336,3.3333333333333335,2.6666666666666665,3.0
470,26.0,3.0,5.768269390998936,20.0,100.0,1.0,30.0,50.0,3.0,2.6666666666666665,2.8
472,40.0,4.0,10.815505108123004,60.0,150.0,2.0,6.666666666666667,40.0,3.6666666666666665,2.8333333333333335,3.4
473,31.0,4.0,9.613782318331559,50.0,125.0,3.0,54.347826086956516,21.73913043478261,3.1666666666666665,3.6666666666666665,2.6
474,50.0,3.0,7.210336738748668,55.0,137.5,1.0,66.66666666666666,8.333333333333332,2.5,1.8333333333333333,3.2
475,44.0,4.0,8.652404086498404,60.0,150.0,5.0,41.66666666666667,16.666666666666664,3.5,3.1666666666666665,3.4
476,53.0,4.0,8.171714970581826,40.0,100.0,2.0,65.0,27.500000000000004,3.6666666666666665,3.6666666666666665,3.4
479,40.0,4.0,12.257572455872738,40.0,100.0,5.0,30.0,30.0,4.333333333333333,2.6666666666666665,3.6
480,44.0,4.0,9.294604745362951,66.0,165.0,3.0,18.181818181818183,27.27272727272727,2.1666666666666665,1.6666666666666667,2.2
481,42.0,4.0,9.613782318331559,32.0,100.0,3.0,82.35294117647058,8.823529411764707,3.5,3.3333333333333335,4.0
482,58.0,4.0,9.854126876289849,12.0,100.0,3.0,62.5,18.75,3.0,2.1666666666666665,2.0
483,40.0,3.0,8.171714970581826,25.0,125.0,3.0,60.0,20.0,3.5,2.6666666666666665,3.0
484,56.0,4.0,8.652404086498404,15.0,150.0,1.0,90.9090909090909,9.090909090909092,2.1666666666666665,2.6666666666666665,1.8
485,44.0,5.0,13.459295245664183,55.0,137.5,4.0,27.27272727272727,36.36363636363637,3.5,4.666666666666667,3.8
486,45.0,4.0,7.691025854665247,40.0,100.0,1.0,44.44444444444444,0.0,2.5,2.6666666666666665,2.2
487,46.0,5.0,13.218950687705894,60.0,150.0,4.0,46.666666666666664,13.333333333333334,2.1666666666666665,2.6666666666666665,2.8
489,40.0,4.0,8.652404086498404,55.0,137.5,4.0,45.45454545454545,36.36363636363637,2.3333333333333335,2.3333333333333335,2.4
490,29.0,3.0,9.293322907720507,45.0,150.0,3.0,26.666666666666668,55.55555555555556,4.5,4.0,3.8
491,62.0,4.0,8.412059528540114,40.0,100.0,3.0,37.5,37.5,2.8333333333333335,3.6666666666666665,3.0
495,30.0,3.0,5.407752554061502,40.0,100.0,1.0,21.052631578947366,31.57894736842105,3.6666666666666665,3.0,3.8
496,51.0,4.0,9.613782318331559,50.0,125.0,4.0,50.0,20.0,4.0,3.6666666666666665,3.6
497,46.0,4.0,7.162267827157012,40.0,100.0,3.0,40.0,40.0,4.666666666666667,4.666666666666667,4.2
498,49.0,4.0,7.210336738748668,40.0,100.0,4.0,33.33333333333333,33.33333333333333,1.6666666666666667,3.5,2.6
499,42.0,4.0,6.873854357607065,13.0,65.0,3.0,58.82352941176471,23.52941176470588,2.0,4.333333333333333,2.6
500,34.0,4.0,8.892748644456693,40.0,100.0,3.0,92.5,0.0,2.8333333333333335,4.333333333333333,3.2
501,57.0,4.0,15.862740825247073,40.0,100.0,3.0,37.5,50.0,2.1666666666666665,1.3333333333333333,1.2
503,45.0,4.0,14.300501198518196,47.0,117.5,3.0,55.55555555555556,11.11111111111111,2.5,2.5,3.0
504,42.0,4.0,9.133093202414981,50.0,125.0,1.0,67.0103092783505,30.927835051546392,3.3333333333333335,3.3333333333333335,2.8
505,52.0,5.0,14.420673477497337,70.0,175.0,5.0,22.857142857142858,25.71428571428571,2.8333333333333335,3.8333333333333335,3.4
506,30.0,3.0,12.017227897914449,40.0,100.0,3.0,83.33333333333334,3.3333333333333335,3.0,1.6666666666666667,3.6
507,38.0,4.0,15.382051709330494,20.0,100.0,1.0,40.0,50.0,3.6666666666666665,3.8333333333333335,3.0
508,37.0,4.0,19.227564636663118,50.0,125.0,2.0,64.86486486486487,21.62162162162162,4.333333333333333,3.6666666666666665,4.4
509,62.0,4.0,13.459295245664183,50.0,125.0,3.0,60.0,20.0,3.3333333333333335,2.1666666666666665,2.8
510,38.0,4.0,14.420673477497337,60.0,150.0,1.0,92.5,0.0,1.8333333333333333,1.6666666666666667,1.4
511,34.0,4.0,20.909976542371144,40.0,100.0,2.0,40.0,25.0,3.3333333333333335,3.3333333333333335,4.8
512,45.0,5.0,14.420673477497337,40.0,100.0,5.0,45.0,12.5,3.0,1.6666666666666667,3.0
513,63.0,5.0,11.96381799614594,45.0,100.0,4.0,88.88888888888889,8.88888888888889,2.6666666666666665,4.0,3.2
514,39.0,5.0,16.824119057080228,40.0,100.0,4.0,25.0,37.5,4.0,4.333333333333333,4.4
515,58.0,4.0,9.613782318331557,60.0,100.0,4.0,33.33333333333333,33.33333333333333,2.5,4.5,3.2
516,53.0,5.0,14.420673477497337,40.0,100.0,5.0,25.0,25.0,2.3333333333333335,3.5,3.6
517,38.0,4.0,7.210336738748668,45.0,112.5,3.0,72.72727272727273,9.090909090909092,3.0,3.6666666666666665,2.6
518,34.0,3.0,14.420673477497337,40.0,100.0,2.0,20.0,50.0,3.1666666666666665,3.3333333333333335,3.2
519,30.0,3.0,12.497917013831028,40.0,100.0,1.0,50.0,12.5,3.1666666666666665,2.8333333333333335,2.2
520,62.0,3.0,11.536538781997873,40.0,100.0,2.0,75.0,25.0,3.0,3.6666666666666665,3.8
523,45.0,4.0,11.536538781997873,47.0,117.5,1.0,4.444444444444445,66.66666666666666,2.6666666666666665,1.3333333333333333,2.2
524,60.0,4.0,11.296194224039583,55.0,137.5,3.0,50.0,20.0,2.6666666666666665,2.5,3.4
525,46.0,4.0,10.094471434248138,40.0,100.0,1.0,77.77777777777779,15.555555555555555,2.0,3.6666666666666665,3.6
526,32.0,4.0,12.017227897914449,40.0,100.0,2.0,75.0,25.0,2.8333333333333335,2.5,2.8
527,33.0,3.0,14.420673477497337,40.0,100.0,3.0,25.0,25.0,2.8333333333333335,4.0,3.8
529,39.0,4.0,12.017227897914449,42.0,105.0,3.0,10.0,35.0,4.333333333333333,2.8333333333333335,3.8
530,43.0,5.0,15.622396267288783,60.0,150.0,2.0,8.0,32.0,2.8333333333333335,4.166666666666667,2.4
531,53.0,4.0,12.738261571789318,40.0,100.0,4.0,50.0,25.0,2.6666666666666665,2.3333333333333335,2.6
533,50.0,4.0,19.227564636663118,50.0,125.0,3.0,40.0,20.0,2.1666666666666665,2.8333333333333335,4.6
534,40.0,4.0,12.497917013831028,57.0,142.5,3.0,16.666666666666664,0.0,3.6666666666666665,2.8333333333333335,3.8
535,42.0,4.0,12.017227897914449,30.0,75.0,1.0,62.5,31.25,2.8333333333333335,2.8333333333333335,2.2
536,54.0,3.0,11.536538781997873,40.0,100.0,2.0,85.71428571428571,7.142857142857142,2.6666666666666665,3.1666666666666665,3.0
537,54.0,4.0,10.815505108123004,60.0,150.0,1.0,50.0,25.0,2.3333333333333335,1.6666666666666667,2.4
538,67.0,6.0,19.227564636663118,40.0,100.0,4.0,33.33333333333333,44.44444444444444,3.1666666666666665,4.325581395348837,4.6
539,48.0,4.0,10.334815992206426,40.0,100.0,2.0,75.0,10.0,2.5,2.3333333333333335,2.4
541,30.0,4.0,11.36174273984639,48.0,109.09090909090908,3.0,65.21739130434783,21.73913043478261,3.0,3.1666666666666665,4.0
542,46.0,4.0,8.652404086498404,40.0,100.0,1.0,46.666666666666664,6.666666666666667,1.3333333333333333,2.1666666666666665,1.4
544,32.0,4.0,8.171714970581826,45.0,112.5,1.0,66.66666666666666,11.11111111111111,2.3333333333333335,2.5,1.6
545,38.0,4.0,8.412059528540114,40.0,100.0,2.0,33.33333333333333,41.66666666666667,2.3333333333333335,1.5,2.4
546,29.0,4.0,5.287580275082358,70.0,175.0,2.0,41.66666666666667,41.66666666666667,3.6666666666666665,3.8333333333333335,2.4
547,38.0,4.0,10.575160550164716,40.0,100.0,2.0,20.0,50.0,3.3333333333333335,3.8333333333333335,2.6
548,35.0,4.0,8.412059528540114,50.0,125.0,2.0,42.857142857142854,28.57142857142857,3.3333333333333335,3.8333333333333335,3.4
551,43.0,3.0,6.729647622832092,40.0,100.0,1.0,85.0,7.5,2.6666666666666665,1.3333333333333333,1.6
552,38.0,4.0,14.420673477497337,20.0,100.0,1.0,45.0,25.0,3.1666666666666665,4.5,3.4
553,45.0,4.0,8.171714970581826,55.0,137.5,2.0,79.64601769911505,17.699115044247787,2.5,3.8333333333333335,2.6
556,38.0,5.0,15.622396267288783,40.0,100.0,4.0,20.0,40.0,3.0,4.166666666666667,3.8
558,25.0,3.0,8.171714970581826,35.0,175.0,1.0,41.66666666666667,33.33333333333333,2.1666666666666665,3.3333333333333335,3.2
559,52.0,6.0,10.815505108123004,50.0,125.0,3.0,16.0,40.0,3.5,3.5,2.2
560,48.0,3.0,10.094471434248138,40.0,100.0,1.0,80.0,12.5,1.8333333333333333,1.8333333333333333,2.2
561,37.0,4.0,11.536538781997873,40.0,100.0,2.0,62.5,5.0,3.3333333333333335,2.0,2.2
562,55.0,6.0,12.017227897914449,75.0,187.5,1.0,33.33333333333333,26.666666666666668,3.0,4.0,2.8
563,69.0,6.0,18.025841846871675,40.0,100.0,4.0,22.22222222222222,44.44444444444444,4.166666666666667,4.666666666666667,4.8
564,37.0,4.0,9.613782318331559,40.0,100.0,1.0,71.42857142857143,23.809523809523807,2.1666666666666665,2.0,3.0
565,56.0,5.0,12.818376424442079,30.0,100.0,1.0,50.0,33.33333333333333,2.1666666666666665,4.0,3.6
566,60.0,4.0,12.017227897914449,40.0,100.0,3.0,37.5,37.5,3.5,3.3333333333333335,4.2
568,30.0,3.0,8.412059528540114,40.0,100.0,2.0,70.0,12.5,3.6666666666666665,2.6666666666666665,1.8
569,33.0,4.0,9.613782318331559,40.0,100.0,1.0,12.5,37.5,2.8333333333333335,2.3333333333333335,3.2
570,50.0,5.0,17.424980451975948,45.0,112.5,3.0,60.0,30.0,3.3333333333333335,2.5,2.6
571,47.0,4.0,10.449763389490824,46.0,100.0,2.0,54.54545454545454,36.36363636363637,3.0,2.1666666666666665,2.8
572,46.0,5.0,20.429287426454565,60.0,150.0,5.0,33.33333333333333,25.0,3.3333333333333335,2.8333333333333335,3.8
573,46.0,4.0,15.021534872393062,50.0,125.0,1.0,30.0,40.0,2.6666666666666665,1.6666666666666667,1.8
574,49.0,4.0,8.171714970581826,40.0,100.0,1.0,45.45454545454545,22.727272727272727,3.3333333333333335,2.6666666666666665,2.4
576,77.0,3.0,8.171714970581826,20.0,100.0,1.0,50.0,50.0,2.0,3.5,1.6
577,58.0,5.0,12.978606129747607,50.0,125.0,2.0,33.33333333333333,50.0,2.6666666666666665,3.5,3.2
578,42.0,4.0,19.227564636663118,65.0,162.5,3.0,30.76923076923077,30.76923076923077,3.5,3.1666666666666665,4.0
579,41.0,4.0,9.613782318331559,40.0,100.0,2.5012224938875307,25.0,70.0,4.166666666666667,4.0,4.0
580,39.0,4.0,7.210336738748668,40.0,100.0,2.0,50.0,20.0,4.666666666666667,4.0,3.6
582,40.0,5.0,12.017227897914449,40.0,100.0,2.0,25.0,12.5,2.8333333333333335,2.3333333333333335,4.0
584,44.0,3.0,9.85412687628985,50.0,125.0,2.0,69.75192716306941,21.974479309267732,1.5,1.6666666666666667,2.4
585,28.0,4.0,5.768269390998936,20.0,100.0,3.0,20.0,50.0,2.0,3.3333333333333335,1.8
586,32.0,4.0,9.613782318331559,50.0,125.0,3.0,76.0,8.0,2.5415637860082305,3.6666666666666665,3.0
587,59.0,6.0,19.227564636663118,50.0,125.0,3.0,30.0,40.0,3.3333333333333335,3.0,3.6
588,34.0,4.0,9.613782318331559,58.0,116.0,1.0,43.103448275862064,13.793103448275861,2.5,2.8333333333333335,2.4
589,63.0,5.0,12.017227897914449,46.0,115.0,2.0,14.893617021276595,42.5531914893617,2.6666666666666665,3.3333333333333335,2.4
591,37.0,4.0,19.227564636663118,40.0,100.0,1.0,25.0,25.0,2.6666666666666665,2.6666666666666665,3.2
593,28.0,3.0,7.9313704126235365,50.0,125.0,2.0,55.55555555555556,37.03703703703704,3.3333333333333335,2.6666666666666665,2.6
594,40.0,4.0,8.171714970581826,27.0,67.5,2.0,77.61194029850746,17.91044776119403,3.6666666666666665,3.1666666666666665,2.2
595,42.0,4.0,18.025841846871675,50.0,125.0,2.0,50.0,30.0,3.3333333333333335,3.8333333333333335,4.0
596,58.0,4.0,8.412059528540114,50.0,125.0,2.0,100.0,0.0,3.588772324596079,3.5,3.2
597,34.0,4.0,10.014356581595374,24.0,100.0,3.0,52.17391304347826,4.3478260869565215,3.8333333333333335,3.5,4.2
598,43.0,4.0,8.412059528540114,40.0,100.0,3.0,33.33333333333333,22.22222222222222,3.1666666666666665,2.3333333333333335,3.4
599,35.0,4.0,11.332245907733325,30.0,75.0,2.0,27.027027027027028,67.56756756756756,2.5,4.666666666666667,3.0
601,64.0,4.0,12.834399394972632,40.0,100.0,4.0,58.139534883720934,4.651162790697675,4.166666666666667,3.6666666666666665,4.2
602,43.0,5.0,12.017227897914449,40.0,100.0,3.0,50.0,12.5,3.6666666666666665,3.1666666666666665,3.8
603,44.0,4.0,10.815505108123004,40.0,100.0,3.0,37.5,37.5,4.166666666666667,2.6666666666666665,3.8
604,47.0,4.0,8.892748644456693,60.0,150.0,1.0,50.0,16.666666666666664,2.6666666666666665,2.1666666666666665,2.7965601965601965
605,42.0,4.0,8.412059528540114,50.0,125.0,1.0,57.692307692307686,28.846153846153843,2.8333333333333335,1.8333333333333333,2.6
606,43.0,5.0,14.420673477497337,60.0,150.0,5.0,33.33333333333333,8.333333333333332,4.0,2.1666666666666665,3.4
608,42.0,4.0,9.613782318331559,40.0,100.0,2.0,50.0,12.5,2.5,2.0,1.6
609,54.0,4.0,7.691025854665247,50.0,125.0,2.0,44.0,50.0,2.3333333333333335,2.5529556650246303,2.0
610,34.0,3.0,8.892748644456693,40.0,100.0,3.0,70.0,15.0,3.8333333333333335,4.0,3.4
611,40.0,4.0,9.133093202414981,50.0,125.0,1.0,55.55555555555556,35.55555555555556,3.6666666666666665,2.0,3.4
612,54.0,4.0,7.691025854665247,40.0,100.0,1.0,48.07692307692308,38.46153846153847,3.3333333333333335,3.5,2.8
613,54.0,4.0,12.017227897914449,40.0,100.0,1.0,75.0,10.0,4.166666666666667,2.1666666666666665,4.2
614,54.0,5.0,13.018663556073987,48.0,100.0,1.0,24.193548387096776,72.58064516129032,1.8333333333333333,2.5,2.0
615,47.0,5.0,12.017227897914449,50.0,125.0,2.0,57.692307692307686,38.46153846153847,2.1666666666666665,2.0,2.8
616,35.0,4.0,14.420673477497337,60.0,150.0,4.0,36.36363636363637,18.181818181818183,3.8333333333333335,2.6666666666666665,3.4
617,59.0,4.0,8.171714970581826,40.0,100.0,1.0,67.07317073170732,30.48780487804878,4.333333333333333,3.8810105949470253,3.4
618,33.0,3.0,12.161434632689422,40.0,100.0,3.0,50.0,37.5,3.6666666666666665,3.8333333333333335,2.4
619,33.0,3.0,6.96999218079038,40.0,100.0,2.0,90.0,0.0,4.833333333333333,3.5,3.6
620,35.0,4.0,11.941038673041671,50.0,125.0,3.0,60.0,20.0,4.5,3.6666666666666665,3.0
621,39.0,5.0,13.218950687705894,60.0,150.0,4.0,33.33333333333333,46.666666666666664,4.166666666666667,3.6666666666666665,4.0
622,34.0,4.0,8.171714970581826,60.0,150.0,4.0,86.66666666666667,10.0,3.0,2.8333333333333335,2.2
623,44.0,5.0,10.815505108123004,50.0,125.0,2.0,48.07692307692308,38.46153846153847,2.8333333333333335,2.1666666666666665,2.8
624,41.0,4.0,7.210336738748669,60.0,100.0,2.0,13.333333333333334,60.0,3.8333333333333335,4.5,3.4
625,54.0,4.0,10.815505108123004,55.0,137.5,3.0,27.27272727272727,27.27272727272727,3.0,2.8333333333333335,2.2
626,40.0,5.0,12.017227897914449,60.0,150.0,2.0,25.0,25.0,3.5,2.8333333333333335,3.6
627,59.0,5.0,13.93998436158076,50.0,125.0,1.0,40.0,20.0,2.6666666666666665,2.1666666666666665,2.6
629,44.0,4.0,9.613782318331559,60.0,150.0,2.5012224938875307,41.66666666666667,25.0,3.8333333333333335,1.5,3.0
630,76.0,5.0,12.738261571789318,40.0,100.0,4.0,25.0,25.0,4.0,3.8333333333333335,3.8
631,47.0,4.0,14.420673477497337,50.0,125.0,3.0,20.0,20.0,4.666666666666667,4.166666666666667,4.6
632,41.0,4.0,18.025841846871675,40.0,100.0,3.0,40.0,50.0,3.5,2.0,3.8
633,32.0,4.0,9.757989053106533,40.0,100.0,2.0,75.0,12.5,3.5,3.6666666666666665,3.4
634,38.0,4.0,10.515074410675142,16.0,100.0,1.0,82.35294117647058,17.647058823529413,3.3333333333333335,2.6666666666666665,2.4
635,43.0,4.0,9.373437760373271,50.0,125.0,1.0,40.0,28.000000000000004,2.6666666666666665,2.8333333333333335,2.8
637,35.0,4.0,12.017227897914449,40.0,100.0,3.0,25.0,50.0,4.333333333333333,5.0,3.6
638,44.0,5.0,21.631010216246008,60.0,150.0,4.0,14.285714285714285,21.428571428571427,4.0,3.8333333333333335,3.8
639,64.0,5.0,11.055849666081293,40.0,100.0,1.0,30.76923076923077,46.15384615384615,3.8333333333333335,3.0,3.2
640,44.0,5.0,10.815505108123004,40.0,100.0,3.0,38.46153846153847,38.46153846153847,4.0,3.0,3.4
641,44.0,5.0,20.429287426454565,50.0,125.0,3.0,34.0,38.0,2.6666666666666665,3.0,2.8
642,57.0,3.0,9.613782318331559,40.0,100.0,2.0,66.66666666666666,0.0,1.0,1.3333333333333333,1.4
644,38.0,4.0,10.575160550164716,48.0,120.0,1.0,25.0,50.0,2.3333333333333335,2.7196223316912973,2.6
645,46.0,5.0,14.781190314434772,40.0,100.0,2.0,55.26315789473685,31.57894736842105,3.0,2.8333333333333335,3.0
646,44.0,6.0,16.824119057080228,40.0,100.0,4.0,27.27272727272727,18.181818181818183,3.0,1.8333333333333333,2.8
647,46.0,4.0,8.412059528540114,40.0,100.0,2.0,43.859649122807014,35.08771929824561,4.166666666666667,2.3333333333333335,2.6
649,48.0,4.0,8.652404086498404,20.0,100.0,1.0,75.0,15.0,3.1666666666666665,2.6666666666666665,2.4
650,55.0,5.0,13.218950687705894,50.0,125.0,3.0,50.0,30.0,3.5,3.3333333333333335,3.0
651,45.0,4.0,14.020099214233523,40.0,166.66666666666669,3.0,20.0,17.5,4.166666666666667,2.3333333333333335,4.0
652,41.0,5.0,12.497917013831028,60.0,150.0,4.0,75.0,16.666666666666664,2.0,1.8333333333333333,2.2
653,29.0,3.0,7.210336738748668,40.0,100.0,1.0,0.0,100.0,3.6666666666666665,3.3333333333333335,2.8
654,39.0,4.0,13.93998436158076,60.0,150.0,2.0,41.66666666666667,16.666666666666664,3.3333333333333335,2.3333333333333335,2.8
655,44.0,4.0,8.412059528540114,60.0,150.0,2.0,25.0,25.0,2.3333333333333335,2.0,1.6
657,48.0,4.0,10.815505108123004,50.0,125.0,4.0,95.23809523809523,3.8095238095238098,3.3333333333333335,3.1666666666666665,3.8
658,33.0,4.0,14.420673477497337,40.0,100.0,3.0,15.0,30.0,4.333333333333333,4.333333333333333,4.4
660,41.0,4.0,11.087895607142398,30.0,100.0,2.0,53.333333333333336,33.33333333333333,3.8333333333333335,2.6666666666666665,3.0
662,51.0,5.0,21.631010216246008,50.0,125.0,1.0,30.0,30.0,3.1666666666666665,3.0,2.2
664,31.0,3.0,7.210336738748668,50.0,125.0,2.0,74.0,10.0,3.1666666666666665,2.6666666666666665,2.2
665,28.0,3.0,8.412059528540114,50.0,125.0,1.0,5.0,75.0,3.0,2.8333333333333335,2.4
668,50.0,5.0,10.575160550164716,40.0,100.0,1.0,62.5,12.5,2.1666666666666665,2.0,2.6
670,28.0,4.0,9.613782318331559,15.0,187.5,4.0,4.761904761904762,47.61904761904761,4.5,3.8333333333333335,3.4
672,72.0,5.0,9.613782318331559,20.0,100.0,3.0,57.14285714285714,23.809523809523807,3.0,3.5,2.8
674,47.0,4.0,7.210336738748668,25.0,62.5,5.0,78.125,15.625,3.1666666666666665,4.166666666666667,2.8
675,50.0,3.0,7.210336738748668,40.0,100.0,3.0,60.0,20.0,3.3333333333333335,3.6666666666666665,2.4
679,33.0,4.0,8.812633791803929,36.0,100.0,2.0,91.66666666666666,2.7777777777777777,3.1666666666666665,4.166666666666667,3.0
680,50.0,6.0,10.815505108123004,60.0,150.0,5.0,21.428571428571427,35.714285714285715,3.8333333333333335,2.8333333333333335,4.8
688,38.0,4.0,10.815505108123004,55.0,137.5,1.0,46.15384615384615,30.76923076923077,4.0,2.0,3.2
689,36.0,4.0,12.017227897914449,40.0,100.0,2.0,42.5,37.5,3.6666666666666665,4.0,3.8
690,69.0,4.0,16.824119057080228,60.0,150.0,5.0,13.333333333333334,10.0,3.6666666666666665,4.0,3.8
691,58.0,6.0,10.094471434248138,40.0,100.0,4.0,37.5,12.5,3.5,2.6666666666666665,3.4
693,44.0,4.0,8.892748644456693,40.0,100.0,4.0,75.0,12.5,3.8333333333333335,2.5,4.6
694,44.0,4.0,9.133093202414981,40.0,100.0,3.0,75.0,12.5,2.5,3.0,3.0
695,52.0,5.0,15.622396267288783,52.5,131.25,4.0,44.44444444444444,11.11111111111111,3.5,3.6666666666666665,4.4
698,47.0,3.0,12.073121981160565,55.0,127.90697674418604,2.0,36.36363636363637,18.181818181818183,2.3333333333333335,1.6666666666666667,1.8
699,44.0,5.0,10.575160550164716,40.0,100.0,5.0,50.0,12.5,3.0,3.6666666666666665,2.2
700,56.0,4.0,9.613782318331559,30.0,150.0,1.0,33.33333333333333,66.66666666666666,2.1666666666666665,4.0,2.6
702,53.0,5.0,12.738261571789318,65.0,162.5,5.0,27.27272727272727,13.636363636363635,1.8333333333333333,2.1666666666666665,2.0
703,49.0,5.0,14.901362593413918,40.0,100.0,1.0,62.5,37.5,4.0,3.6666666666666665,3.6
704,41.0,4.0,12.017227897914449,60.0,150.0,2.0,33.33333333333333,50.0,4.333333333333333,3.8333333333333335,3.2
705,48.0,5.0,14.420673477497337,40.0,100.0,3.0,42.63264353508635,42.63264353508635,3.6666666666666665,2.1666666666666665,3.2
707,41.0,4.0,14.420673477497337,50.0,125.0,3.0,36.36363636363637,18.181818181818183,3.6666666666666665,4.166666666666667,4.2
709,58.0,5.0,10.815505108123004,40.0,100.0,5.0,39.408492173302804,30.282916363796954,4.0,2.6666666666666665,4.2
711,41.0,4.0,15.02153487239306,32.0,100.0,1.0,31.25,31.25,2.6241830065359477,2.8333333333333335,4.0
712,42.0,4.0,5.768269390998936,16.0,40.0,1.0,93.75,0.0,2.0,3.1666666666666665,1.8
713,37.0,5.0,16.824119057080228,45.0,112.5,2.0,13.663563829787234,36.43617021276596,3.1666666666666665,3.0,2.8
714,47.0,4.0,12.61808929281017,40.0,100.0,2.0,55.00000000000001,25.0,3.0,3.5,3.8
715,42.0,5.0,14.420673477497337,45.0,112.5,4.0,50.0,20.0,3.1666666666666665,3.3333333333333335,3.0
716,53.0,5.0,8.412059528540114,40.0,100.0,2.0,56.60377358490566,18.867924528301888,3.1666666666666665,2.5,2.8
717,48.0,4.0,9.61378231833156,30.0,115.38461538461536,3.0,91.42857142857143,5.714285714285714,3.5,4.833333333333333,2.8
718,35.0,4.0,16.824119057080228,20.0,100.0,4.0,25.862068965517242,68.96551724137932,3.0,3.6666666666666665,3.4
719,47.0,3.0,9.613782318331559,40.0,100.0,1.0,85.71428571428571,14.285714285714285,3.5,3.6666666666666665,3.0
721,31.0,4.0,9.85412687628985,40.0,100.0,1.0,60.0,30.0,2.6666666666666665,2.5,3.0
722,40.0,5.0,16.824119057080228,40.0,100.0,4.0,25.0,12.5,3.8333333333333335,3.0,4.0
723,41.0,5.0,19.227564636663118,40.0,100.0,3.0,28.57142857142857,17.857142857142858,2.6666666666666665,1.8333333333333333,1.2
724,46.0,4.0,11.856998192608925,42.0,140.0,4.0,30.0,0.0,3.3333333333333335,2.5,2.8
725,63.0,4.0,9.012920923435837,40.0,100.0,2.0,62.5,25.0,2.6666666666666665,2.6666666666666665,2.7965601965601965
727,47.0,4.0,7.691025854665247,40.0,100.0,2.0,61.36363636363637,22.727272727272727,1.9575163398692812,2.5,2.6
728,31.0,3.0,6.96999218079038,27.0,135.0,4.0,20.0,0.0,3.6666666666666665,2.8333333333333335,3.2
730,36.0,4.0,11.680745516772845,40.0,100.0,4.0,62.5,12.5,4.0,2.3333333333333335,3.0
732,34.0,4.0,12.017227897914449,40.0,100.0,3.0,37.5,25.0,4.166666666666667,2.1666666666666665,2.2
733,32.0,4.0,8.412059528540114,47.0,117.5,3.0,83.33333333333334,5.555555555555555,3.3333333333333335,2.0,2.0
734,50.0,4.0,10.334815992206426,50.0,125.0,4.0,70.0,10.0,2.6666666666666665,1.6666666666666667,1.6
736,52.0,4.0,7.691025854665247,50.0,125.0,4.0,50.0,30.0,3.1666666666666665,2.6666666666666665,2.6
737,28.0,3.0,7.691025854665247,40.0,100.0,3.0,50.729850671173295,29.891801487828364,4.166666666666667,4.666666666666667,4.2
739,44.0,4.0,9.908204401830464,42.0,131.25,1.0,66.66666666666666,0.0,2.3333333333333335,2.1666666666666665,2.4
741,30.0,4.0,7.691025854665247,55.0,137.5,3.0,36.36363636363637,36.36363636363637,3.1666666666666665,2.6666666666666665,2.0
742,47.0,5.0,12.017227897914449,40.0,100.0,4.0,40.0,40.0,3.8333333333333335,3.0,2.8
746,58.0,5.0,10.334815992206426,40.0,100.0,3.0,21.78060413354531,54.451510333863276,4.333333333333333,4.666666666666667,3.6
747,32.0,4.0,8.369645783018065,42.5,100.0,1.0,58.139534883720934,11.627906976744185,2.6666666666666665,3.062091503267974,2.0
748,51.0,5.0,11.02757383573326,50.0,147.05882352941177,2.0,40.0,30.0,2.5,2.3333333333333335,2.2
749,55.0,6.0,15.622396267288783,50.0,125.0,2.0,55.00000000000001,30.0,3.5,2.3333333333333335,3.2
750,38.0,4.0,11.536538781997873,40.0,100.0,2.0,62.5,25.0,4.5,4.166666666666667,3.6
752,67.0,5.0,14.420673477497337,40.0,100.0,4.0,50.0,20.0,4.0,3.0,4.2
753,44.0,4.0,11.704779972568675,40.0,100.0,2.0,30.0,50.0,3.3333333333333335,4.5,3.4
754,38.0,4.0,10.094471434248138,50.0,125.0,4.0,40.0,50.0,3.6666666666666665,3.0,3.224938875305624
755,43.0,4.0,9.133093202414981,20.0,100.0,2.0,40.0,30.0,3.6666666666666665,4.0,3.6
756,44.0,4.0,10.094471434248138,40.0,100.0,2.0,58.139534883720934,23.25581395348837,3.1666666666666665,3.5,3.4
758,47.0,5.0,9.373437760373271,40.0,100.0,3.0,43.47826086956522,43.47826086956522,2.3333333333333335,2.5,2.8
759,62.0,5.0,11.536538781997873,55.0,137.5,3.0,47.16981132075472,24.528301886792452,3.5,4.666666666666667,4.6
760,43.0,4.0,8.388025072744284,35.0,175.0,1.0,85.71428571428571,11.428571428571429,3.0,2.3333333333333335,2.0
762,52.0,4.0,8.628369630702576,50.0,125.0,2.0,61.40350877192983,21.052631578947366,3.5,1.8333333333333333,2.8
764,50.0,6.0,15.622396267288783,40.0,100.0,2.0,20.0,50.0,4.166666666666667,3.5,3.6
766,51.0,4.0,9.133093202414981,40.0,100.0,3.0,60.0,20.0,3.8333333333333335,2.1666666666666665,2.0
767,60.0,4.0,8.796610821273376,40.0,100.0,3.0,47.05882352941176,11.76470588235294,3.0,2.3333333333333335,2.2
768,29.0,3.0,9.397472216169097,50.0,125.0,2.0,60.0,32.0,3.1666666666666665,3.8333333333333335,3.4
770,63.0,4.0,7.691025854665247,20.0,100.0,1.0,74.07407407407408,24.691358024691358,2.5,2.0,1.8
772,33.0,4.0,9.739242177585787,45.0,112.5,4.0,40.0,20.0,3.1666666666666665,3.3333333333333335,3.8
773,53.0,6.0,21.631010216246008,55.0,137.5,3.0,37.735849056603776,47.16981132075472,3.1666666666666665,2.3333333333333335,3.6
774,38.0,4.0,11.416366503018727,32.0,100.0,3.0,64.93506493506493,12.987012987012985,3.3333333333333335,3.3333333333333335,3.4
777,51.0,4.0,8.0114852652763,70.0,116.66666666666669,1.0,31.818181818181817,31.818181818181817,2.8333333333333335,1.5,2.8
778,43.0,4.0,10.094471434248138,40.0,100.0,2.0,76.19047619047619,9.523809523809524,3.3333333333333335,3.8333333333333335,3.2
779,30.0,3.0,13.218950687705894,50.0,125.0,4.0,8.0,6.0,3.6666666666666665,3.3333333333333335,3.4
780,65.0,6.0,13.218950687705894,40.0,100.0,3.0,37.5,37.5,2.0,2.3333333333333335,2.0
783,46.0,5.0,10.575160550164716,50.0,125.0,3.0,46.405059554772734,30.936706369848487,3.5,2.8333333333333335,3.0
784,67.0,5.0,10.094471434248138,55.0,137.5,3.0,50.90909090909091,12.727272727272727,3.0,2.3333333333333335,3.8
785,47.0,4.0,10.815505108123004,50.0,125.0,2.0,30.0,20.0,2.8333333333333335,2.0,2.6
786,35.0,4.0,12.978606129747607,40.0,100.0,1.0,50.0,20.0,3.1666666666666665,3.5,3.2
788,45.0,4.0,8.171714970581826,55.0,137.5,1.0,73.77049180327869,16.39344262295082,2.1666666666666665,1.0,1.4
789,59.0,6.0,12.017227897914449,40.0,100.0,5.0,34.48275862068966,6.896551724137931,3.6666666666666665,4.666666666666667,4.2
790,55.0,6.0,20.028713163190748,48.0,100.0,3.0,29.166666666666668,25.0,4.166666666666667,3.8333333333333335,4.4
791,44.0,3.0,8.412059528540114,60.0,150.0,4.0,54.54545454545454,34.090909090909086,2.6666666666666665,2.6666666666666665,2.2
792,46.0,4.0,9.133093202414981,40.0,100.0,3.0,45.44720436706612,32.46228883361866,3.5,2.6666666666666665,3.6
793,40.0,4.0,8.652404086498404,30.0,150.0,1.0,75.75757575757575,18.181818181818183,2.0,1.6666666666666667,1.0
794,30.0,4.0,11.216079371386819,12.0,100.0,4.0,66.66666666666666,33.33333333333333,3.1666666666666665,4.166666666666667,3.4
795,53.0,5.0,12.497917013831028,40.0,100.0,1.0,50.0,25.0,2.3333333333333335,2.0,2.0
796,50.0,5.0,14.420673477497338,60.0,100.0,1.0,50.0,30.0,3.5,2.6666666666666665,2.8
797,52.0,4.0,11.536538781997873,40.0,100.0,2.0,62.5,12.5,3.3333333333333335,3.1666666666666665,3.2
798,57.0,6.0,19.227564636663118,40.0,100.0,3.0,36.36363636363637,18.181818181818183,4.333333333333333,2.5,4.2
799,50.0,5.0,13.218950687705894,40.0,100.0,3.0,46.875,31.25,4.166666666666667,3.5,3.4
801,50.0,4.0,15.622396267288783,55.0,137.5,5.0,18.181818181818183,18.181818181818183,3.5,2.1666666666666665,3.4
802,67.0,6.0,15.622396267288783,40.0,100.0,2.0,25.870033877425314,51.74006775485063,4.166666666666667,4.0,4.6
803,52.0,4.0,6.008613948957224,50.0,125.0,4.0,60.0,30.0,2.6666666666666665,3.5,3.0
804,39.0,4.0,8.652404086498404,50.0,125.0,1.0,57.692307692307686,38.46153846153847,3.0,2.1666666666666665,1.2
807,33.0,4.0,8.412059528540114,50.0,125.0,3.0,61.224489795918366,24.489795918367346,3.0,2.1666666666666665,2.6
808,40.0,4.0,12.497917013831028,40.0,100.0,2.0,37.5,12.5,3.0,3.1666666666666665,3.2
809,58.0,4.0,12.017227897914449,20.0,100.0,2.0,66.66666666666666,16.666666666666664,4.666666666666667,4.333333333333333,5.0
810,37.0,4.0,10.815505108123004,60.0,150.0,3.0,41.66666666666667,33.33333333333333,3.8333333333333335,2.8333333333333335,3.8
811,48.0,4.0,8.652404086498404,40.0,100.0,4.0,58.82352941176471,5.88235294117647,3.047208538587849,3.8333333333333335,3.4
812,36.0,4.0,8.412059528540114,40.0,100.0,1.0,17.5,75.0,2.6666666666666665,3.8333333333333335,2.8
813,40.0,4.0,7.210336738748668,30.0,75.0,3.0,66.66666666666666,2.564102564102564,2.5,3.3333333333333335,1.6
814,30.0,4.0,16.824119057080228,35.0,175.0,3.0,71.42857142857143,20.0,3.8333333333333335,3.8333333333333335,3.0
815,49.0,5.0,14.420673477497337,40.0,100.0,3.0,41.86046511627907,41.86046511627907,2.1666666666666665,3.5,2.2
816,51.0,6.0,18.025841846871675,40.0,100.0,2.0,37.5,25.0,3.5,3.8333333333333335,4.0
817,55.0,4.0,7.210336738748668,40.0,100.0,2.0,79.54545454545455,11.363636363636363,1.8333333333333333,2.8333333333333335,2.2
818,43.0,5.0,14.901362593413918,40.0,100.0,1.0,45.0,40.0,4.333333333333333,3.8333333333333335,4.6
819,37.0,4.0,8.412059528540114,55.0,137.5,2.0,38.46153846153847,38.46153846153847,2.1666666666666665,2.6666666666666665,1.6
820,44.0,4.0,9.613782318331559,45.0,112.5,3.0,60.0,16.0,3.6666666666666665,2.6666666666666665,3.4
821,37.0,4.0,9.613782318331559,52.0,130.0,2.0,13.333333333333334,83.33333333333334,4.0,2.0,4.2
822,40.0,4.0,16.824119057080228,50.0,125.0,5.0,40.0,10.0,3.6666666666666665,4.333333333333333,4.2
823,46.0,6.0,18.025841846871675,40.0,100.0,2.0,33.33333333333333,22.22222222222222,3.6666666666666665,2.8333333333333335,3.4
824,34.0,4.0,8.892748644456693,55.0,137.5,4.0,49.09090909090909,32.72727272727273,3.0343137254901964,4.0,3.2
825,38.0,4.0,12.497917013831028,50.0,125.0,2.0,27.27272727272727,36.36363636363637,2.8333333333333335,3.6666666666666665,3.6
826,58.0,4.0,7.210336738748668,40.0,100.0,3.0,75.0,5.0,4.333333333333333,3.6666666666666665,4.0
827,35.0,4.0,10.983746298693806,40.0,100.0,3.0,100.0,0.0,3.088772324596079,3.6666666666666665,3.2
828,45.0,5.0,12.738261571789318,40.0,100.0,3.0,34.883720930232556,46.51162790697674,3.8333333333333335,3.3333333333333335,4.0
829,50.0,4.0,14.420673477497337,49.0,122.5,5.0,45.0,12.5,3.6666666666666665,2.562091503267974,3.8
830,47.0,4.0,15.488871512867512,36.0,100.0,3.0,50.0,25.0,3.3333333333333335,2.6666666666666665,3.4
831,65.0,5.0,14.420673477497337,40.0,100.0,4.0,60.0,20.0,2.6666666666666665,4.0,3.8
832,56.0,5.0,15.862740825247073,40.0,100.0,2.0,12.5,37.5,4.166666666666667,2.6666666666666665,3.8
833,53.0,4.0,11.77688333995616,40.0,100.0,2.0,40.0,40.0,4.0,3.3333333333333335,3.2
834,50.0,3.0,9.133093202414981,60.0,150.0,2.0,83.33333333333334,13.333333333333334,4.666666666666667,4.166666666666667,4.2
835,60.0,6.0,16.58377449912194,48.0,120.0,2.0,39.130434782608695,17.391304347826086,3.0,1.8333333333333333,3.6
836,30.0,4.0,13.93998436158076,40.0,100.0,2.0,50.0,20.0,4.333333333333333,4.5,3.8
837,40.0,4.0,16.824119057080228,40.0,100.0,4.0,27.27272727272727,18.181818181818183,3.8333333333333335,3.6666666666666665,4.0
838,41.0,5.0,12.017227897914449,52.0,130.0,3.0,28.846153846153843,57.692307692307686,3.3333333333333335,3.8333333333333335,4.0
839,50.0,3.0,8.171714970581826,20.0,100.0,1.0,95.23809523809523,4.761904761904762,3.1666666666666665,3.0,4.0
841,33.0,4.0,10.334815992206426,40.0,100.0,2.0,45.0,47.5,3.1666666666666665,2.1666666666666665,2.4
843,39.0,4.0,6.729647622832092,15.0,75.0,1.0,100.0,0.0,2.1666666666666665,4.166666666666667,2.2
844,34.0,4.0,7.21033673874867,20.0,125.0,2.0,66.66666666666666,25.0,4.166666666666667,4.666666666666667,4.2
847,46.0,6.0,13.218950687705894,40.0,100.0,3.0,74.07407407407408,18.51851851851852,3.1666666666666665,2.3333333333333335,3.0
849,33.0,4.0,10.214643713227282,32.0,100.0,2.0,89.0625,6.25,4.166666666666667,4.166666666666667,4.2
850,58.0,5.0,11.055849666081293,40.0,100.0,2.0,75.0,12.5,4.666666666666667,2.6666666666666665,4.6
851,49.0,5.0,10.094471434248138,40.0,100.0,3.0,37.5,12.5,3.0,3.0,3.0
852,50.0,5.0,10.815505108123004,40.0,100.0,2.0,50.0,16.666666666666664,2.1666666666666665,2.0,2.4
853,30.0,3.0,9.613782318331559,20.0,100.0,3.0,70.58823529411765,17.647058823529413,3.5,2.8333333333333335,2.4
854,44.0,4.0,10.414930844859189,60.0,100.0,2.0,75.0,8.333333333333332,2.3333333333333335,3.0,2.0
855,61.0,4.0,10.575160550164716,52.0,130.0,2.0,41.81818181818181,7.2727272727272725,3.3333333333333335,2.0,2.0
856,43.0,4.0,9.706555317703458,60.0,150.0,3.0,50.0,25.0,2.3333333333333335,2.6666666666666665,3.0
857,41.0,3.0,7.210336738748668,20.0,100.0,3.0,50.729850671173295,29.891801487828364,3.8333333333333335,4.166666666666667,2.6
858,31.0,4.0,9.133093202414981,25.0,62.5,1.0,71.42857142857143,28.57142857142857,2.1666666666666665,2.6666666666666665,2.0
859,29.0,4.0,11.536538781997873,32.0,160.0,2.0,50.0,25.0,4.333333333333333,4.166666666666667,4.6
860,51.0,4.0,21.631010216246008,40.0,100.0,5.0,20.0,55.00000000000001,3.6666666666666665,3.6666666666666665,3.6
862,50.0,4.0,10.334815992206426,40.0,100.0,3.0,87.5,0.0,3.5,2.8333333333333335,3.6
863,41.0,4.0,10.30048105535524,28.0,100.0,2.0,64.51612903225806,6.451612903225806,3.1666666666666665,3.3333333333333335,3.0
864,46.0,4.0,8.315921705356798,40.0,100.0,1.0,65.85365853658537,7.317073170731707,3.6666666666666665,2.3333333333333335,3.6
866,58.0,4.0,13.819812082601615,55.0,137.5,3.0,58.252427184466015,19.41747572815534,3.8333333333333335,2.6666666666666665,4.2
867,42.0,4.0,9.373437760373271,40.0,100.0,4.0,43.47826086956522,21.73913043478261,2.8333333333333335,2.8333333333333335,3.0
868,44.0,4.0,14.420673477497337,40.0,100.0,5.0,75.0,10.0,3.5,3.8333333333333335,4.2
869,41.0,5.0,22.352043890120875,40.0,100.0,3.0,33.33333333333333,44.44444444444444,4.833333333333333,4.166666666666667,4.0
870,57.0,4.0,9.613782318331559,40.0,100.0,5.0,86.95652173913044,0.0,4.166666666666667,2.960453627534818,4.2
871,48.0,4.0,7.210336738748668,45.0,112.5,3.0,43.47826086956522,32.608695652173914,3.3333333333333335,2.3333333333333335,2.8
872,44.0,4.0,10.815505108123004,40.0,100.0,3.0,30.0,50.0,3.0,4.333333333333333,3.0
873,50.0,4.0,7.210336738748668,40.0,100.0,3.0,40.0,20.0,4.333333333333333,3.6666666666666665,4.0
874,38.0,4.0,8.892748644456693,50.0,125.0,3.0,54.054054054054056,18.91891891891892,3.5,2.6666666666666665,2.8
875,54.0,6.0,16.0229705305526,40.0,83.33333333333334,5.0,25.0,25.0,3.3333333333333335,4.0,3.6
876,46.0,4.0,10.094471434248138,20.0,100.0,2.0,95.0,5.0,2.6666666666666665,4.333333333333333,2.0
877,49.0,4.0,7.691025854665247,40.0,100.0,2.0,88.23529411764706,8.823529411764707,2.1666666666666665,3.3333333333333335,2.6
878,45.0,4.0,8.892748644456693,40.0,100.0,2.0,57.14285714285714,22.857142857142858,3.3333333333333335,3.0,3.0
879,54.0,4.0,7.21033673874867,15.0,187.5,3.0,33.33333333333333,44.44444444444444,4.166666666666667,3.8333333333333335,3.6
881,34.0,4.0,10.094471434248138,67.0,167.5,2.0,18.75,43.75,3.5,2.8333333333333335,2.8
882,50.0,4.0,8.412059528540114,48.0,120.0,3.0,75.0,10.416666666666668,2.3333333333333335,2.6666666666666665,3.0
883,34.0,4.0,9.133093202414981,17.0,170.0,3.0,63.1578947368421,26.31578947368421,3.6666666666666665,3.0,3.4
885,46.0,4.0,9.133093202414981,40.0,100.0,3.0,41.17647058823529,23.52941176470588,3.5,3.6666666666666665,3.4
886,59.0,5.0,8.07557714739851,50.0,100.0,1.0,60.0,36.0,3.5,3.5,3.6
887,40.0,4.0,7.21033673874867,12.0,100.0,3.0,50.0,8.333333333333332,4.166666666666667,4.333333333333333,4.2
888,31.0,4.0,9.85412687628985,40.0,100.0,3.0,59.523809523809526,11.904761904761903,3.5,3.3333333333333335,3.2
889,57.0,4.0,10.41493084485919,24.0,100.0,1.0,83.33333333333334,16.666666666666664,3.8333333333333335,3.3333333333333335,3.2
890,34.0,4.0,8.892748644456693,40.0,100.0,3.0,42.5,20.0,3.0,3.1666666666666665,3.2
891,44.0,4.0,9.133093202414981,40.0,100.0,1.0,74.07407407407408,22.22222222222222,1.5,2.8333333333333335,1.8
892,43.0,4.0,10.334815992206426,70.0,175.0,3.0,49.29880408227011,32.86586938818007,3.034722222222222,3.0,3.4
893,26.0,3.0,9.613782318331559,60.0,150.0,4.0,47.61904761904761,23.809523809523807,3.5,2.3333333333333335,3.4
894,45.0,4.0,10.334815992206426,64.0,160.0,3.0,55.55555555555556,12.698412698412698,3.2394308943089434,2.0,2.2
895,38.0,4.0,10.094471434248138,20.0,100.0,1.0,75.0,25.0,3.0,5.0,3.0
896,50.0,5.0,14.420673477497337,40.0,100.0,3.0,56.81818181818182,18.181818181818183,3.0,2.8333333333333335,4.0
897,75.0,5.0,9.613782318331559,40.0,100.0,4.0,50.0,50.0,2.3333333333333335,4.0,3.8
898,40.0,4.0,12.017227897914449,40.0,100.0,4.0,28.07017543859649,56.14035087719298,3.3333333333333335,3.8333333333333335,3.6
899,37.0,4.0,5.287580275082358,40.0,100.0,3.0,75.0,12.5,3.5,2.6666666666666665,2.8
900,36.0,4.0,7.210336738748668,60.0,150.0,1.0,50.0,25.0,2.1666666666666665,1.8333333333333333,1.4
901,49.0,5.0,11.77688333995616,40.0,100.0,3.0,40.0,20.0,3.3333333333333335,3.1666666666666665,3.2
902,50.0,5.0,16.824119057080228,55.0,137.5,4.0,45.45454545454545,18.181818181818183,3.8333333333333335,2.3333333333333335,3.2
904,42.0,4.0,16.824119057080228,30.0,150.0,1.0,33.33333333333333,16.666666666666664,3.6666666666666665,2.5,3.0
905,46.0,4.0,11.53653878199787,50.0,100.0,4.0,26.08695652173913,26.08695652173913,5.0,4.833333333333333,4.8
906,37.0,4.0,14.060156640559905,50.0,125.0,1.0,60.0,26.0,4.5,2.6666666666666665,3.2
907,34.0,4.0,8.892748644456693,40.0,100.0,1.0,25.0,75.0,3.0,2.6666666666666665,2.4
908,41.0,4.0,9.613782318331559,40.0,100.0,4.0,50.0,25.0,3.0,2.8333333333333335,3.0
909,67.0,6.0,13.459295245664183,25.0,125.0,4.0,50.0,33.33333333333333,2.6666666666666665,3.0,4.4
910,49.0,4.0,8.051542691602682,55.0,137.5,1.0,24.0,40.0,3.6666666666666665,3.3333333333333335,3.0
911,36.0,4.0,19.227564636663118,40.0,100.0,2.0,37.5,50.0,5.0,4.5,4.8
912,52.0,5.0,13.218950687705894,40.0,100.0,2.0,44.44444444444444,33.33333333333333,2.5,2.0,3.0
913,57.0,5.0,21.84950526893536,44.0,100.0,2.0,45.45454545454545,9.090909090909092,4.0,4.333333333333333,4.0
914,32.0,4.0,9.613782318331559,50.0,125.0,4.0,76.0,0.0,2.6666666666666665,2.1666666666666665,2.0
915,64.0,6.0,16.824119057080228,50.0,125.0,4.0,18.181818181818183,40.909090909090914,4.0,2.6666666666666665,4.0
916,39.0,5.0,13.267019599297551,40.0,100.0,3.0,25.0,37.5,3.5,4.5,3.4
918,71.0,6.0,16.343429941163652,40.0,100.0,3.0,49.18032786885246,16.39344262295082,5.0,4.833333333333333,4.8
919,54.0,6.0,19.227564636663118,40.0,100.0,5.0,50.0,25.0,4.833333333333333,4.333333333333333,5.0
921,49.0,5.0,14.420673477497337,40.0,100.0,3.0,47.61904761904761,35.714285714285715,4.166666666666667,3.6666666666666665,4.2
922,41.0,4.0,9.133093202414981,30.0,75.0,4.0,42.857142857142854,14.285714285714285,4.0,4.666666666666667,4.6
923,48.0,5.0,20.429287426454565,60.0,150.0,2.0,16.666666666666664,33.33333333333333,3.8333333333333335,3.8333333333333335,3.8
924,29.0,3.0,7.210336738748668,60.0,150.0,2.0,50.0,8.333333333333332,2.0,2.1666666666666665,2.4
925,41.0,5.0,19.227564636663118,40.0,100.0,4.0,44.44444444444444,44.44444444444444,3.2375886524822697,3.6666666666666665,4.0
926,46.0,4.0,12.978606129747607,40.0,100.0,3.0,65.0,15.0,4.166666666666667,3.0,3.2
927,42.0,4.0,16.824119057080228,55.0,137.5,2.0,42.857142857142854,14.285714285714285,3.0,2.6666666666666665,2.6
928,49.0,5.0,10.815505108123004,40.0,100.0,1.0,50.0,32.5,3.6666666666666665,2.1666666666666665,2.6
929,28.0,3.0,16.824119057080228,50.0,125.0,1.0,20.0,60.0,2.6666666666666665,3.0,4.4
930,39.0,4.0,18.025841846871675,50.0,125.0,2.0,40.0,40.0,4.833333333333333,3.8333333333333335,4.6
931,67.0,5.0,15.622396267288783,40.0,100.0,2.0,37.5,12.5,3.1666666666666665,3.6666666666666665,3.8
933,44.0,4.0,12.017227897914449,50.0,125.0,4.0,30.0,14.000000000000002,3.6666666666666665,2.3333333333333335,3.8
934,39.0,4.0,8.892748644456693,40.0,100.0,4.0,55.00000000000001,10.0,3.5,4.0,3.4
936,39.0,4.0,9.613782318331559,40.0,100.0,4.0,48.763709236875066,25.762586447681844,3.8333333333333335,4.333333333333333,3.4
937,24.0,4.0,8.0114852652763,20.0,166.66666666666669,2.0,0.0,40.0,4.5,4.333333333333333,3.6
938,45.0,4.0,7.210336738748668,40.0,100.0,3.0,67.56756756756756,13.513513513513514,2.8333333333333335,3.1666666666666665,3.6
939,32.0,4.0,12.017227897914449,40.0,100.0,3.0,25.0,60.0,4.166666666666667,3.8333333333333335,4.0
940,41.0,4.0,9.613782318331559,30.0,75.0,3.0,66.66666666666666,6.666666666666667,3.0,2.8333333333333335,2.8
941,57.0,4.0,13.218950687705894,40.0,100.0,3.0,62.5,2.5,5.0,3.3333333333333335,4.8
942,35.0,4.0,0.00961378231833156,50.0,125.0,4.0,49.01960784313725,39.21568627450981,3.5,4.166666666666667,2.8
943,84.0,4.0,8.171714970581826,20.0,100.0,2.0,57.290005331072095,30.26715436597253,3.6666666666666665,4.5,4.4
944,54.0,6.0,12.017227897914449,40.0,100.0,5.0,40.0,5.0,3.3333333333333335,3.3333333333333335,3.2
945,49.0,4.0,8.412059528540114,40.0,100.0,1.0,25.0,25.0,3.3333333333333335,1.3333333333333333,1.6
946,53.0,4.0,12.017227897914449,40.0,100.0,3.0,57.692307692307686,28.846153846153843,3.3333333333333335,2.8333333333333335,3.4
949,49.0,4.0,11.536538781997873,40.0,100.0,3.0,37.5,25.0,3.1666666666666665,2.8333333333333335,3.2
950,30.0,3.0,7.21033673874867,12.0,150.0,1.0,5.263157894736842,42.10526315789473,2.6666666666666665,2.8333333333333335,2.2
951,51.0,5.0,18.025841846871675,50.0,125.0,2.0,50.0,30.0,4.166666666666667,2.5,4.4
953,47.0,3.0,11.115935805570867,40.0,125.0,4.0,60.0,2.5,2.8333333333333335,1.5,2.0
955,42.0,4.0,14.238354962817551,28.0,100.0,3.0,53.57142857142857,14.285714285714285,2.6666666666666665,3.5,3.2
957,70.0,6.0,8.412059528540114,40.0,100.0,4.0,62.5,25.0,2.5697674418604652,3.9496124031007747,3.8
958,49.0,6.0,13.93998436158076,40.0,100.0,1.0,49.13060234408651,23.517943370134432,2.1666666666666665,2.3333333333333335,2.4
959,40.0,4.0,15.622396267288783,65.0,162.5,4.0,20.0,20.0,3.8333333333333335,4.166666666666667,4.6
960,48.0,5.0,18.025841846871675,40.0,100.0,5.0,40.0,10.0,3.3333333333333335,1.3333333333333333,2.6
961,49.0,6.0,21.631010216246008,60.0,150.0,2.0,33.33333333333333,16.666666666666664,4.0,3.8333333333333335,4.2
962,38.0,4.0,7.210336738748668,20.0,100.0,1.0,45.0,40.0,3.1666666666666665,2.1666666666666665,2.8
963,33.0,4.0,14.932044877408591,47.0,100.0,2.0,42.5531914893617,42.5531914893617,3.8333333333333335,4.5,3.8
964,45.0,4.0,9.613782318331559,35.0,87.5,2.0,85.71428571428571,0.0,1.5,1.8333333333333333,1.8
966,36.0,4.0,9.613782318331559,40.0,100.0,2.0,75.0,12.5,3.3333333333333335,2.5,3.0
967,54.0,4.0,9.613782318331559,40.0,100.0,2.0,75.0,20.0,2.8333333333333335,2.1666666666666665,3.0
968,50.0,5.0,17.545152730955095,40.0,100.0,2.0,48.888888888888886,40.0,4.0,3.6666666666666665,4.0
969,57.0,4.0,12.738261571789318,40.0,100.0,5.0,75.0,5.0,4.5,3.8333333333333335,3.6
972,45.0,3.0,7.9313704126235365,50.0,125.0,1.0,60.0,40.0,3.035211267605634,3.6666666666666665,3.6
973,51.0,5.0,9.613782318331559,40.0,100.0,2.0,54.54545454545454,36.36363636363637,2.6666666666666665,3.0,2.4
974,31.0,4.0,10.815505108123004,40.0,100.0,3.0,55.55555555555556,27.77777777777778,4.833333333333333,4.166666666666667,3.6
975,46.0,5.0,12.017227897914449,50.0,125.0,3.0,30.0,30.0,3.1666666666666665,1.3333333333333333,2.2
976,48.0,4.0,14.420673477497337,40.0,100.0,5.0,50.0,12.5,3.5,2.5,3.6
977,53.0,4.0,10.334815992206426,40.0,100.0,3.0,62.5,17.5,3.5,3.6666666666666665,3.8
978,40.0,4.0,20.028713163190748,20.0,166.66666666666669,1.0,27.27272727272727,18.181818181818183,3.5,1.6666666666666667,2.8
979,32.0,3.0,8.892748644456693,30.0,150.0,2.0,46.143406469124635,33.83849807735807,3.6666666666666665,2.8333333333333335,3.0
981,51.0,4.0,19.227564636663118,60.0,150.0,5.0,33.33333333333333,8.333333333333332,4.5,3.8333333333333335,3.8
982,46.0,4.0,11.055849666081293,50.0,125.0,3.0,32.0,32.0,3.6666666666666665,3.3333333333333335,3.4
983,50.0,4.0,8.652404086498404,40.0,100.0,3.0,50.0,37.5,3.5,3.3333333333333335,2.6
984,47.0,4.0,12.017227897914449,50.0,125.0,5.0,40.0,20.0,2.5,3.3333333333333335,3.4
985,49.0,4.0,7.9313704126235365,50.0,125.0,3.0,25.0,37.5,3.5,3.0,3.4
988,34.0,4.0,9.613782318331559,24.0,60.0,4.0,65.91748077746732,9.887622116620099,3.5,3.1666666666666665,3.2
989,52.0,5.0,14.420673477497337,45.0,112.5,5.0,44.44444444444444,22.22222222222222,3.5,4.166666666666667,4.0
990,45.0,3.0,7.897035475772353,28.0,100.0,3.0,46.666666666666664,50.0,3.1666666666666665,3.5,3.2
991,39.0,4.0,9.974299155268993,40.0,100.0,4.0,50.0,10.0,3.1666666666666665,2.8333333333333335,3.0
992,59.0,4.0,9.343394690628484,40.0,100.0,1.0,65.0,12.5,3.8333333333333335,3.0,3.8
993,32.0,4.0,9.133093202414981,40.0,100.0,1.0,50.0,12.5,3.0,1.8333333333333333,3.2
994,37.0,4.0,12.017227897914449,30.0,187.5,1.0,42.294600160012976,29.015378157422273,4.0,2.0,3.6
995,47.0,5.0,18.025841846871675,70.0,175.0,3.0,26.666666666666668,26.666666666666668,3.5,2.0,3.2
996,43.0,4.0,11.296194224039583,40.0,100.0,1.0,62.5,12.5,3.6666666666666665,3.6666666666666665,3.8
997,42.0,4.0,7.010049607116762,48.0,100.0,4.0,30.76923076923077,46.15384615384615,3.3333333333333335,3.3810105949470253,3.8
998,46.0,6.0,19.227564636663118,60.0,150.0,3.0,10.0,33.33333333333333,3.5,2.1666666666666665,3.2
999,26.0,4.0,13.779754656275236,45.0,150.0,1.0,17.77777777777778,33.33333333333333,3.1666666666666665,2.5,3.0
1000,32.0,4.0,11.536538781997873,50.0,125.0,1.0,40.0,30.0,1.6666666666666667,1.1666666666666667,1.6
1001,48.0,5.0,12.017227897914449,50.0,125.0,2.0,62.5,12.5,3.8333333333333335,2.6666666666666665,3.8
1002,47.0,4.0,11.296194224039583,40.0,100.0,3.0,45.45454545454545,27.27272727272727,3.5,3.3333333333333335,3.8
1003,44.0,4.0,16.824119057080228,40.0,100.0,4.0,50.0,25.0,3.5,2.6666666666666665,3.8
1004,37.0,4.0,10.094471434248138,40.0,100.0,4.0,37.5,1.25,1.8333333333333333,2.6666666666666665,2.2
1005,40.0,4.0,10.334815992206426,40.0,100.0,4.0,62.5,25.0,2.3333333333333335,2.5,3.0
1006,40.0,4.0,8.319619313940773,52.0,100.0,5.0,57.692307692307686,19.230769230769234,3.3333333333333335,2.3333333333333335,3.8
1007,52.0,4.0,9.613782318331559,40.0,100.0,2.0,44.44444444444444,22.22222222222222,2.1666666666666665,2.0,3.0
1008,31.0,4.0,10.214643713227282,30.0,75.0,4.0,50.0,16.666666666666664,3.1666666666666665,4.333333333333333,3.6
1009,53.0,4.0,12.017227897914447,20.0,83.33333333333334,3.0,55.00000000000001,5.0,3.6666666666666665,3.3333333333333335,3.6
1010,52.0,4.0,8.652404086498404,40.0,100.0,4.0,62.5,25.0,2.5,5.0,3.0
1011,58.0,4.0,8.652404086498404,50.0,125.0,2.0,64.0,16.0,3.5,2.1666666666666665,3.0
1012,54.0,5.0,12.017227897914449,56.0,140.0,2.0,14.285714285714285,28.57142857142857,3.1666666666666665,2.5,3.0
1013,30.0,4.0,8.412059528540114,60.0,150.0,1.0,66.66666666666666,16.666666666666664,2.0,2.0,2.4
1014,44.0,4.0,9.133093202414981,40.0,100.0,5.0,37.03703703703704,19.753086419753085,2.8333333333333335,3.1666666666666665,2.8
1015,31.0,4.0,8.412059528540114,45.0,112.5,4.0,44.44444444444444,22.22222222222222,3.6666666666666665,3.6666666666666665,3.6
1016,50.0,4.0,9.613782318331559,50.0,125.0,3.0,57.692307692307686,38.46153846153847,3.6666666666666665,2.3333333333333335,2.6
1018,46.0,4.0,6.008613948957224,40.0,100.0,1.0,74.46808510638297,4.25531914893617,3.0,2.0,2.8
1019,46.0,4.0,11.296194224039583,50.0,125.0,1.0,49.01960784313725,39.21568627450981,3.0,3.1666666666666665,2.8
1021,36.0,4.0,9.613782318331559,60.0,150.0,4.0,50.0,16.666666666666664,2.3333333333333335,2.1666666666666665,2.2
1022,38.0,4.0,12.017227897914449,55.0,137.5,2.0,8.0,40.0,3.0,2.6666666666666665,3.0
1023,37.0,4.0,11.77688333995616,40.0,100.0,1.0,25.0,62.5,3.0,3.8333333333333335,3.0
1024,50.0,4.0,10.815505108123004,50.0,125.0,2.0,40.0,44.0,3.1666666666666665,3.0,3.2
1025,74.0,5.0,12.017227897914449,15.0,187.5,2.0,57.14285714285714,14.285714285714285,3.6666666666666665,3.8333333333333335,3.2
1026,30.0,4.0,7.691025854665247,40.0,100.0,2.0,37.5,25.0,3.8333333333333335,4.833333333333333,4.4
1027,44.0,4.0,9.613782318331559,70.0,175.0,1.0,22.857142857142858,2.857142857142857,2.0,3.0,2.6
1028,40.0,5.0,16.824119057080228,40.0,100.0,4.0,30.0,25.0,3.0,3.0,4.0
1029,32.0,3.0,7.897035475772353,28.0,100.0,2.0,40.54054054054054,40.54054054054054,3.3333333333333335,2.5,3.2
1030,46.0,4.0,9.613782318331559,50.0,125.0,2.0,30.0,30.0,1.5,2.0529556650246303,1.8
1031,55.0,4.0,7.210336738748668,40.0,100.0,1.0,54.347826086956516,43.47826086956522,3.5,4.666666666666667,2.6
1032,41.0,4.0,7.210336738748668,40.0,100.0,2.0,62.5,25.0,2.1666666666666665,1.8333333333333333,1.8
1033,44.0,4.0,10.094471434248138,24.0,60.0,4.0,62.5,20.833333333333336,3.3333333333333335,4.166666666666667,3.2
1034,44.0,4.0,9.133093202414981,40.0,100.0,4.0,47.61904761904761,35.714285714285715,4.166666666666667,3.8333333333333335,3.8
1035,35.0,4.0,8.412059528540114,48.0,120.0,2.0,40.0,20.0,2.3333333333333335,2.8333333333333335,3.4
1036,48.0,4.0,8.412059528540114,40.0,100.0,3.0,25.0,62.5,4.166666666666667,3.8333333333333335,3.8
1037,39.0,4.0,10.815505108123004,40.0,100.0,4.0,50.0,25.0,3.8333333333333335,4.333333333333333,4.2
1038,43.0,4.0,11.673878529402609,28.0,100.0,4.0,54.54005184078367,28.814313398184005,3.6666666666666665,2.1666666666666665,3.0
1039,59.0,5.0,12.017227897914449,50.0,125.0,4.0,40.0,40.0,3.5,3.8333333333333335,3.8
1040,59.0,5.0,12.017227897914449,50.0,125.0,3.0,30.0,40.0,4.0,4.666666666666667,3.8
1041,44.0,5.0,15.622396267288783,67.0,167.5,3.0,34.61538461538461,34.61538461538461,3.1666666666666665,3.5,3.2
1042,50.0,5.0,14.540845756476486,40.0,100.0,1.0,37.5,50.0,2.8333333333333335,4.0,4.2
1043,42.0,4.0,9.133093202414981,40.0,100.0,3.0,50.0,12.5,2.3333333333333335,2.3333333333333335,2.6
1044,37.0,4.0,8.171714970581826,50.0,125.0,1.0,52.63157894736842,21.052631578947366,2.8333333333333335,2.5,2.4
1045,44.0,4.0,10.815505108123004,50.0,125.0,3.0,46.875,15.625,2.6666666666666665,2.5,2.6
1046,41.0,4.0,9.133093202414981,50.0,125.0,2.0,60.0,20.0,2.3333333333333335,1.8333333333333333,3.4
1047,47.0,4.0,7.9313704126235365,47.0,117.5,2.0,54.347826086956516,21.73913043478261,2.5,3.6666666666666665,2.2
1048,45.0,4.0,9.613782318331559,20.0,100.0,3.0,50.0,25.0,2.6666666666666665,3.6666666666666665,2.4
1049,37.0,3.0,8.07557714739851,55.0,137.5,1.0,80.35714285714286,16.071428571428573,2.5,2.5,2.6
1050,45.0,4.0,12.017227897914449,40.0,100.0,4.0,15.0,50.0,3.1666666666666665,2.8333333333333335,3.0
1051,50.0,4.0,8.504499743139457,31.0,119.23076923076924,2.0,19.230769230769234,69.23076923076923,3.5,2.1666666666666665,2.4
1052,44.0,4.0,8.892748644456693,50.0,125.0,2.0,60.0,16.0,3.1666666666666665,2.0,2.6
1053,53.0,4.0,12.017227897914449,55.0,137.5,1.0,45.45454545454545,36.36363636363637,2.8333333333333335,2.5,3.2
1054,50.0,5.0,12.497917013831028,50.0,125.0,1.0,33.33333333333333,16.666666666666664,4.0,4.166666666666667,3.0
1055,48.0,3.0,15.382051709330494,70.0,140.0,2.0,28.57142857142857,28.57142857142857,2.1666666666666665,1.8333333333333333,2.4
1056,42.0,5.0,14.420673477497337,60.0,150.0,5.0,46.15384615384615,15.384615384615385,2.3333333333333335,1.5,1.8
1057,43.0,4.0,7.9313704126235365,35.0,87.5,4.0,40.0,22.857142857142858,3.5,2.8333333333333335,2.8
1058,38.0,4.0,7.691025854665247,40.0,100.0,2.0,62.5,12.5,1.8333333333333333,1.1666666666666667,1.6
1059,42.0,4.0,12.017227897914449,60.0,150.0,4.0,33.33333333333333,16.666666666666664,4.166666666666667,3.6666666666666665,4.2
1061,59.0,5.0,10.815505108123004,55.0,137.5,4.0,36.36363636363637,36.36363636363637,4.0,4.0,4.8
1062,34.0,3.0,7.691025854665247,20.0,100.0,3.0,45.45454545454545,45.45454545454545,3.5,3.5,3.4
1063,41.0,4.0,7.8111981336443925,55.0,171.875,3.0,38.46153846153847,57.692307692307686,5.0,3.6666666666666665,4.8
1064,43.0,4.0,9.613782318331559,40.0,100.0,4.0,61.53846153846154,25.64102564102564,3.8333333333333335,3.5,4.0
1065,47.0,3.0,7.9313704126235365,40.0,100.0,2.0,60.0,37.5,3.5,3.6666666666666665,3.0
1066,53.0,4.0,9.613782318331559,40.0,100.0,2.0,38.095238095238095,47.61904761904761,3.0,4.333333333333333,3.8
1067,42.0,4.0,9.613782318331557,35.0,116.66666666666669,1.0,57.14285714285714,14.285714285714285,3.8333333333333335,2.6666666666666665,3.4
1068,33.0,4.0,10.014356581595374,24.0,100.0,1.0,57.692307692307686,34.61538461538461,2.1666666666666665,2.3333333333333335,1.6
1069,49.0,3.0,7.210336738748668,40.0,100.0,2.0,50.0,25.0,3.3333333333333335,3.1666666666666665,2.8
1070,60.0,5.0,9.60368784689731,20.0,100.0,3.0,25.0,25.0,4.0,4.0,5.0
1071,57.0,4.0,9.613782318331559,40.0,100.0,2.0,95.23809523809523,0.0,3.3333333333333335,3.5,3.4
1072,70.0,6.0,10.815505108123004,30.0,75.0,3.0,66.66666666666666,20.0,3.3333333333333335,3.8333333333333335,3.8
1073,32.0,4.0,7.691025854665247,50.0,125.0,5.0,60.0,28.000000000000004,2.5,2.1666666666666665,1.6
1074,46.0,4.0,8.412059528540114,40.0,100.0,2.0,62.5,12.5,3.1666666666666665,2.3333333333333335,4.0
1075,40.0,4.0,9.613782318331559,40.0,100.0,1.0,43.966747724108714,24.130017671108924,2.8748971193415636,1.3333333333333333,2.5965601965601968
1076,24.0,3.0,7.691025854665247,32.0,160.0,2.0,42.857142857142854,42.857142857142854,3.6666666666666665,3.0,3.2
1077,32.0,3.0,7.691025854665247,40.0,100.0,2.0,70.0,17.5,1.6666666666666667,1.0,2.2
1078,35.0,5.0,9.613782318331559,40.0,100.0,3.0,22.22222222222222,44.44444444444444,3.3333333333333335,3.0,3.0
1079,30.0,4.0,6.96999218079038,40.0,100.0,3.0,57.14285714285714,28.57142857142857,3.8333333333333335,3.5,3.8
1080,40.0,4.0,12.017227897914449,40.0,100.0,2.0,50.0,37.5,4.0,2.5,4.2
1081,32.0,3.0,7.354543473523644,62.0,155.0,1.0,57.333333333333336,36.0,1.6666666666666667,1.8333333333333333,2.2
1082,39.0,4.0,9.613782318331559,40.0,100.0,2.0,54.54545454545454,18.181818181818183,2.6666666666666665,2.1666666666666665,2.0
1085,36.0,4.0,7.450681296706959,40.0,100.0,2.0,60.0,10.0,2.1666666666666665,2.0,3.2
1086,39.0,4.0,9.613782318331559,50.0,125.0,3.0,60.0,10.0,4.0,1.5,2.4
1087,40.0,4.0,7.450681296706959,50.0,125.0,1.0,65.0,2.5,1.3333333333333333,1.6666666666666667,2.2
1089,39.0,4.0,9.133093202414981,72.0,180.0,1.0,55.55555555555556,27.77777777777778,3.6666666666666665,1.8333333333333333,3.0
1091,40.0,4.0,8.171714970581826,50.0,125.0,3.0,40.0,20.0,2.5,2.8333333333333335,2.2
1092,42.0,4.0,7.210336738748668,55.0,137.5,4.0,47.61904761904761,9.523809523809524,1.8333333333333333,1.5,1.8
1093,52.0,6.0,13.218950687705894,40.0,100.0,4.0,30.0,10.0,2.3333333333333335,2.6666666666666665,2.8
1094,69.0,5.0,9.613782318331559,35.0,175.0,4.0,64.28571428571429,14.285714285714285,3.3333333333333335,4.0,4.0
1095,34.0,3.0,8.171714970581826,40.0,100.0,1.0,84.61538461538461,7.6923076923076925,3.0,2.1666666666666665,1.6
1096,45.0,4.0,8.652404086498404,40.0,100.0,1.0,42.5,42.5,3.8333333333333335,2.6666666666666665,2.6
1097,57.0,6.0,12.017227897914449,40.0,100.0,5.0,52.94117647058824,17.647058823529413,3.8333333333333335,4.333333333333333,4.0
1098,40.0,4.0,10.334815992206426,40.0,100.0,4.0,55.00000000000001,15.0,3.8333333333333335,4.0,4.0
1099,29.0,4.0,9.613782318331559,40.0,100.0,1.0,62.5,12.5,3.1666666666666665,3.5,3.4
1100,50.0,5.0,11.77688333995616,40.0,100.0,2.0,27.906976744186046,46.51162790697674,2.0,3.1666666666666665,2.8
